22:49:12.614,->,ID,DLC,,,,DATA,,,,
22:49:12.648,->,540,8,2,0,0,4,11,0,2,A3
22:49:12.648,->,541,8,2,0,0,0,0,0,0,1E
22:49:12.681,->,540,8,4,0,0,0,0,0,D,0
22:49:12.714,->,550,8,10,0,0,0,0,0,0,90
22:49:12.747,->,540,8,6,0,0,0,0,0,0,0
22:49:12.781,->,550,8,10,0,0,0,0,0,0,B0
22:49:12.781,->,540,8,2,0,0,4,11,0,2,A3
22:49:12.813,->,550,8,10,0,0,0,0,0,0,D0
22:49:12.847,->,540,8,6,0,0,0,0,0,0,0
22:49:12.880,->,550,8,10,0,0,0,0,0,0,30
22:49:12.913,->,540,8,2,0,0,4,11,0,2,A3
22:49:12.913,->,540,8,6,0,0,0,0,0,0,0
22:49:12.946,->,450,8,0,0,0,0,0,0,B,0
22:49:12.979,->,550,8,10,0,0,0,0,0,0,70
22:49:13.012,->,540,8,2,0,0,4,11,0,2,A3
22:49:13.012,->,540,8,6,0,0,0,0,0,0,0
22:49:13.046,->,450,8,0,0,0,0,0,0,B,0
22:49:13.079,->,550,8,10,0,0,0,0,0,0,B0
22:49:13.112,->,541,8,2,0,0,0,0,0,0,1E
22:49:13.145,->,540,8,6,0,0,0,0,0,0,0
22:49:13.145,->,450,8,0,0,0,0,0,0,B,0
22:49:13.178,->,550,8,10,0,0,0,0,0,0,30
22:49:13.212,->,541,8,2,0,0,0,0,0,0,1E
22:49:13.245,->,540,8,6,0,0,0,0,0,0,0
22:49:13.245,->,450,8,0,0,0,0,0,0,B,0
22:49:13.278,->,550,8,10,0,0,0,0,0,0,70
22:49:13.311,->,540,8,4,0,0,0,0,0,C,0
22:49:13.344,->,540,8,6,0,0,0,0,0,0,0
22:49:13.433,->,550,8,10,0,0,0,0,0,0,B0
22:49:13.433,->,540,8,2,0,0,4,11,0,2,A3
22:49:13.433,->,550,8,10,0,0,0,0,0,0,D0
22:49:13.433,->,540,8,6,0,0,0,0,0,0,0
22:49:13.473,->,550,8,10,0,0,0,0,0,0,30
22:49:13.480,->,540,8,2,0,0,4,11,0,2,A3
22:49:13.510,->,540,8,6,0,0,0,0,0,0,0
22:49:13.543,->,450,8,0,0,0,0,0,0,B,0
22:49:13.577,->,550,8,10,0,0,0,0,0,0,70
22:49:13.640,->,540,8,2,0,0,4,11,0,2,A3
22:49:13.640,->,540,8,6,0,0,0,0,0,0,0
22:49:13.640,->,450,8,0,0,0,0,0,0,B,0
22:49:13.665,->,550,8,10,0,0,0,0,0,0,B0
22:49:13.691,->,541,8,2,0,0,0,0,0,0,1F
22:49:13.742,->,540,8,6,0,0,0,0,0,0,0
22:49:13.742,->,450,8,0,0,0,0,0,0,B,0
22:49:13.775,->,550,8,10,0,0,0,0,0,0,30
22:49:13.808,->,541,8,2,0,0,0,0,0,0,1F
22:49:13.843,->,540,8,6,0,0,0,0,0,0,0
22:49:13.843,->,450,8,0,0,0,0,0,0,B,0
22:49:13.910,->,550,8,10,0,0,0,0,0,0,70
22:49:13.910,->,541,8,2,0,0,0,0,0,0,1F
22:49:13.951,->,540,8,6,0,0,0,0,0,0,0
22:49:13.951,->,450,8,0,0,0,0,0,0,B,0
22:49:13.974,->,550,8,10,0,0,0,0,0,0,B0
22:49:14.007,->,540,8,4,0,0,0,0,0,C,0
22:49:14.040,->,540,8,6,0,0,0,0,0,0,0
22:49:14.075,->,550,8,10,0,0,0,0,0,0,30
22:49:14.075,->,540,8,2,0,0,4,11,0,2,A3
22:49:14.136,->,550,8,10,0,0,0,0,0,0,50
22:49:14.136,->,540,8,6,0,0,0,0,0,0,0
22:49:14.182,->,550,8,10,0,0,0,0,0,0,70
22:49:14.182,->,540,8,2,0,0,4,11,0,2,A3
22:49:14.208,->,540,8,6,0,0,0,0,0,0,0
22:49:14.241,->,450,8,0,0,0,0,0,0,B,0
22:49:14.273,->,550,8,10,0,0,0,0,0,0,B0
22:49:14.307,->,540,8,2,0,0,4,11,0,2,A3
22:49:14.340,->,540,8,6,0,0,0,0,0,0,0
22:49:14.340,->,450,8,0,0,0,0,0,0,B,0
22:49:14.372,->,550,8,10,0,0,0,0,0,0,30
22:49:14.406,->,541,8,2,0,0,0,0,0,0,1F
22:49:14.438,->,540,8,6,0,0,0,0,0,0,0
22:49:14.438,->,450,8,0,0,0,0,0,0,B,0
22:49:14.471,->,550,8,10,0,0,0,0,0,0,70
22:49:14.504,->,541,8,2,0,0,0,0,0,0,1F
22:49:14.538,->,540,8,6,0,0,0,0,0,0,0
22:49:14.575,->,450,8,0,0,0,0,0,0,B,0
22:49:14.575,->,550,8,10,0,0,0,0,0,0,B0
22:49:14.609,->,541,8,2,0,0,0,0,0,0,1F
22:49:14.641,->,540,8,6,0,0,0,0,0,0,0
22:49:14.674,->,450,8,0,0,0,0,0,0,B,0
22:49:14.674,->,550,8,10,0,0,0,0,0,0,30
22:49:14.708,->,540,8,4,0,0,0,0,0,C,0
22:49:14.740,->,540,8,6,0,0,0,0,0,0,0
22:49:14.774,->,550,8,10,0,0,0,0,0,0,70
22:49:14.774,->,450,8,0,0,0,0,0,0,B,0
22:49:14.807,->,550,8,10,0,0,0,0,0,0,90
22:49:14.841,->,450,8,0,0,0,0,0,0,B,0
22:49:14.874,->,550,8,10,0,0,0,0,0,0,B0
22:49:14.907,->,540,8,6,0,0,0,0,0,0,0
22:49:14.907,->,550,8,10,0,0,0,0,0,0,D0
22:49:14.940,->,450,8,0,0,0,0,0,0,B,0
22:49:14.973,->,550,8,10,0,0,0,0,0,0,30
22:49:15.007,->,540,8,6,0,0,0,0,0,0,0
22:49:15.007,->,550,8,10,0,0,0,0,0,0,50
22:49:15.039,->,450,8,0,0,0,0,0,0,B,0
22:49:15.072,->,540,8,2,1,4F,4,1,0,2,A4
22:49:15.106,->,540,8,6,0,0,0,0,0,0,0
22:49:15.140,->,550,8,10,0,0,0,0,0,0,90
22:49:15.140,->,450,8,0,0,0,0,0,0,B,0
22:49:15.173,->,540,8,2,1,4F,4,11,0,2,A4
22:49:15.205,->,540,8,6,0,0,0,0,0,0,0
22:49:15.240,->,550,8,10,0,0,0,0,0,0,D0
22:49:15.274,->,450,8,0,0,0,0,0,0,B,0
22:49:15.274,->,540,8,4,0,0,0,0,0,D,0
22:49:15.307,->,540,8,6,0,0,0,0,0,0,0
22:49:15.340,->,550,8,10,0,0,0,0,0,0,50
22:49:15.373,->,450,8,0,0,0,0,0,0,B,0
22:49:15.373,->,540,8,4,0,0,0,0,0,B,0
22:49:15.407,->,540,8,6,0,0,0,0,0,0,0
22:49:15.440,->,550,8,10,0,0,0,0,0,0,90
22:49:15.474,->,450,8,0,0,0,0,0,0,B,0
22:49:15.474,->,540,8,4,0,0,0,0,0,7,0
22:49:15.507,->,550,8,10,0,0,0,0,0,0,D0
22:49:15.541,->,450,8,0,0,0,0,0,0,B,0
22:49:15.574,->,550,8,10,0,0,0,0,0,0,30
22:49:15.607,->,540,8,4,0,0,0,0,0,6,0
22:49:15.607,->,550,8,10,0,0,0,0,0,0,50
22:49:15.640,->,450,8,0,0,0,0,0,0,B,0
22:49:15.674,->,550,8,10,0,0,0,0,0,0,70
22:49:15.707,->,540,8,6,0,0,0,0,0,0,0
22:49:15.707,->,550,8,10,0,0,0,0,0,0,90
22:49:15.740,->,450,8,0,0,0,0,0,0,B,0
22:49:15.774,->,540,8,2,5,6B,4,11,0,2,A5
22:49:15.807,->,540,8,6,0,0,0,0,0,0,0
22:49:15.838,->,550,8,10,0,0,0,0,0,0,D0
22:49:15.838,->,450,8,0,0,0,0,0,0,B,0
22:49:15.871,->,540,8,2,5,C0,4,11,0,2,A5
22:49:15.905,->,540,8,6,0,0,0,0,0,0,0
22:49:15.941,->,550,8,10,0,0,0,0,0,0,50
22:49:15.941,->,450,8,0,0,0,0,0,0,B,0
22:49:15.971,->,540,8,4,0,B,0,0,0,8,0
22:49:16.004,->,540,8,6,0,0,0,0,0,0,0
22:49:16.037,->,550,8,10,0,0,0,0,0,0,90
22:49:16.070,->,450,8,0,0,0,0,0,0,B,0
22:49:16.070,->,540,8,4,0,B,0,0,0,8,0
22:49:16.103,->,540,8,6,0,0,0,0,0,0,0
22:49:16.137,->,550,8,10,0,0,0,0,0,0,D0
22:49:16.170,->,450,8,0,0,0,0,0,0,B,0
22:49:16.170,->,540,8,4,0,B,0,0,0,9,0
22:49:16.203,->,550,8,10,0,0,0,0,0,0,50
22:49:16.238,->,450,8,0,0,0,0,0,0,B,0
22:49:16.302,->,550,8,10,0,0,0,0,0,0,70
22:49:16.302,->,540,8,4,0,B,0,0,0,C,0
22:49:16.344,->,550,8,10,0,0,0,0,0,0,90
22:49:16.344,->,450,8,0,0,0,0,0,0,B,0
22:49:16.369,->,550,8,10,0,0,0,0,0,0,B0
22:49:16.402,->,540,8,6,0,0,0,0,0,0,0
22:49:16.435,->,550,8,10,0,0,0,0,0,0,D0
22:49:16.435,->,450,8,0,0,0,0,0,0,B,0
22:49:16.469,->,540,8,2,8,1,4,11,0,2,A5
22:49:16.510,->,540,8,6,0,0,0,0,0,0,0
22:49:16.510,->,550,8,10,0,0,0,0,0,0,50
22:49:16.548,->,450,8,0,0,0,0,0,0,B,0
22:49:16.580,->,540,8,2,8,67,4,11,0,2,A5
22:49:16.605,->,540,8,6,0,0,0,0,0,0,0
22:49:16.638,->,550,8,10,0,0,0,0,0,0,90
22:49:16.672,->,450,8,0,0,0,0,0,0,B,0
22:49:16.672,->,541,8,2,0,0,0,0,0,0,22
22:49:16.705,->,540,8,6,0,0,0,0,0,0,0
22:49:16.738,->,550,8,10,0,0,0,0,0,0,D0
22:49:16.772,->,450,8,0,0,0,0,0,0,B,0
22:49:16.772,->,540,8,4,0,B,0,0,0,C,0
22:49:16.805,->,540,8,6,0,0,0,0,0,0,0
22:49:16.838,->,550,8,10,0,0,0,0,0,0,50
22:49:16.872,->,450,8,0,0,0,0,0,0,B,0
22:49:16.872,->,540,8,4,0,B,0,0,0,C,0
22:49:16.905,->,450,8,0,0,0,0,0,0,B,0
22:49:16.939,->,550,8,10,0,0,0,0,0,0,90
22:49:16.973,->,450,8,0,0,0,0,0,0,B,0
22:49:16.973,->,540,8,4,0,18,0,0,0,D,0
22:49:17.005,->,550,8,10,0,0,0,0,0,0,D0
22:49:17.038,->,450,8,0,0,0,0,0,0,B,0
22:49:17.072,->,550,8,10,0,0,0,0,0,0,30
22:49:17.104,->,540,8,4,0,18,0,0,0,E,0
22:49:17.104,->,550,8,10,0,0,0,0,0,0,50
22:49:17.154,->,450,8,0,0,0,0,0,0,B,0
22:49:17.154,->,550,8,10,0,0,0,0,0,0,70
22:49:17.204,->,540,8,6,0,0,0,0,0,0,0
22:49:17.241,->,550,8,10,0,0,0,0,0,0,90
22:49:17.241,->,450,8,0,0,0,0,0,0,B,0
22:49:17.270,->,540,8,2,E,60,4,11,0,2,A4
22:49:17.303,->,540,8,6,0,0,0,0,0,0,0
22:49:17.336,->,550,8,10,0,0,0,0,0,0,D0
22:49:17.380,->,450,8,0,0,0,0,0,0,B,0
22:49:17.380,->,540,8,2,F,54,4,11,0,2,A4
22:49:17.412,->,540,8,6,0,0,0,0,0,0,0
22:49:17.434,->,550,8,10,0,0,0,0,0,0,50
22:49:17.469,->,450,8,0,0,0,0,0,0,B,0
22:49:17.469,->,540,8,4,0,18,0,0,0,11,0
22:49:17.515,->,540,8,6,0,0,0,0,0,0,0
22:49:17.534,->,550,8,10,0,0,0,0,0,0,90
22:49:17.567,->,550,8,10,0,0,0,0,0,0,B0
22:49:17.601,->,540,8,4,0,18,0,0,0,12,0
22:49:17.634,->,550,8,10,0,0,0,0,0,0,D0
22:49:17.634,->,450,8,0,0,0,0,0,0,B,0
22:49:17.667,->,550,8,10,0,0,0,0,0,0,30
22:49:17.701,->,540,8,6,0,0,0,0,0,0,0
22:49:17.734,->,550,8,10,0,0,0,0,0,0,50
22:49:17.771,->,450,8,0,0,0,0,0,0,B,0
22:49:17.771,->,540,8,2,13,B9,4,11,0,2,A4
22:49:17.801,->,540,8,6,0,0,0,0,0,0,0
22:49:17.844,->,550,8,10,0,0,0,0,0,0,90
22:49:17.844,->,450,8,0,0,0,0,0,0,B,0
22:49:17.866,->,540,8,2,15,3D,4,11,0,2,A4
22:49:17.900,->,540,8,6,0,0,0,0,0,0,0
22:49:17.938,->,550,8,10,0,0,0,0,0,0,D0
22:49:17.967,->,450,8,0,0,0,0,0,0,B,0
22:49:18.010,->,540,8,4,0,2D,0,0,0,1B,0
22:49:18.010,->,550,8,10,0,0,0,0,0,0,50
22:49:18.036,->,450,8,0,0,0,0,0,0,B,0
22:49:18.066,->,550,8,10,0,0,0,0,0,0,70
22:49:18.099,->,540,8,4,0,2D,0,0,0,1B,0
22:49:18.132,->,550,8,10,0,0,0,0,0,0,90
22:49:18.132,->,450,8,0,0,0,0,0,0,B,0
22:49:18.166,->,540,8,2,18,D2,4,11,0,2,A3
22:49:18.199,->,540,8,6,0,0,0,0,0,0,0
22:49:18.232,->,550,8,10,0,0,0,0,0,0,D0
22:49:18.266,->,450,8,0,0,0,0,0,0,B,0
22:49:18.266,->,540,8,2,19,B0,4,11,0,2,A2
22:49:18.299,->,540,8,6,0,0,0,0,0,0,0
22:49:18.332,->,550,8,10,0,0,0,0,0,0,50
22:49:18.365,->,450,8,0,0,0,0,0,0,B,0
22:49:18.399,->,540,8,4,0,2D,0,0,0,1B,0
22:49:18.399,->,540,8,6,0,0,0,0,0,0,0
22:49:18.432,->,550,8,10,0,0,0,0,0,0,90
22:49:18.466,->,550,8,10,0,0,0,0,0,0,B0
22:49:18.499,->,540,8,4,0,2D,0,0,0,1B,0
22:49:18.533,->,550,8,10,0,0,0,0,0,0,D0
22:49:18.533,->,450,8,0,0,0,0,0,0,B,0
22:49:18.578,->,550,8,10,0,0,0,0,0,0,30
22:49:18.623,->,540,8,6,0,0,0,0,0,0,0
22:49:18.623,->,550,8,10,0,0,0,0,0,0,50
22:49:18.640,->,450,8,0,0,0,0,0,0,B,0
22:49:18.666,->,540,8,2,1A,F4,4,11,0,2,A0
22:49:18.699,->,540,8,6,0,0,0,0,0,0,0
22:49:18.732,->,550,8,10,0,0,0,0,0,0,90
22:49:18.765,->,450,8,0,0,0,0,0,0,B,0
22:49:18.765,->,540,8,2,1B,8,4,11,0,2,A0
22:49:18.803,->,540,8,6,0,0,0,0,0,0,0
22:49:18.837,->,550,8,10,0,0,0,0,0,0,D0
22:49:18.884,->,450,8,0,0,0,0,0,0,B,0
22:49:18.884,->,540,8,4,0,2D,0,0,0,1A,0
22:49:18.903,->,540,8,6,0,0,0,0,0,0,0
22:49:18.935,->,550,8,10,0,0,0,0,0,0,50
22:49:18.969,->,550,8,10,0,0,0,0,0,0,70
22:49:19.002,->,540,8,4,0,44,0,0,0,1A,0
22:49:19.002,->,550,8,10,0,0,0,0,0,0,90
22:49:19.035,->,450,8,0,0,0,0,0,0,B,0
22:49:19.069,->,550,8,10,0,0,0,0,0,0,B0
22:49:19.102,->,540,8,6,0,0,0,0,0,0,0
22:49:19.135,->,550,8,10,0,0,0,0,0,0,D0
22:49:19.135,->,450,8,0,0,0,0,0,0,B,0
22:49:19.169,->,540,8,2,1B,5C,4,11,0,2,9E
22:49:19.202,->,540,8,6,0,0,0,0,0,0,0
22:49:19.235,->,550,8,10,0,0,0,0,0,0,50
22:49:19.269,->,450,8,0,0,0,0,0,0,B,0
22:49:19.269,->,540,8,2,1B,74,4,11,0,2,9D
22:49:19.302,->,540,8,6,0,0,0,0,0,0,0
22:49:19.335,->,550,8,10,0,0,0,0,0,0,90
22:49:19.368,->,450,8,0,0,0,0,0,0,B,0
22:49:19.403,->,540,8,4,0,44,0,0,0,1A,0
22:49:19.403,->,450,8,0,0,0,0,0,0,B,0
22:49:19.435,->,550,8,10,0,0,0,0,0,0,D0
22:49:19.468,->,550,8,10,0,0,0,0,0,0,30
22:49:19.502,->,540,8,4,0,44,0,0,0,1A,0
22:49:19.535,->,550,8,10,0,0,0,0,0,0,50
22:49:19.535,->,450,8,0,0,0,0,0,0,B,0
22:49:19.568,->,550,8,10,0,0,0,0,0,0,70
22:49:19.602,->,540,8,6,0,0,0,0,0,0,0
22:49:19.635,->,550,8,10,0,0,0,0,0,0,90
22:49:19.635,->,450,8,0,0,0,0,0,0,B,0
22:49:19.670,->,540,8,2,16,E4,4,11,0,2,9A
22:49:19.701,->,540,8,6,0,0,0,0,0,0,0
22:49:19.737,->,550,8,10,0,0,0,0,0,0,D0
22:49:19.768,->,450,8,0,0,0,0,0,0,B,0
22:49:19.768,->,541,8,2,0,0,0,0,0,0,0
22:49:19.812,->,540,8,6,0,0,0,0,0,0,0
22:49:19.834,->,550,8,10,0,0,0,0,0,0,50
22:49:19.868,->,450,8,0,0,0,0,0,0,B,0
22:49:19.910,->,540,8,4,0,44,0,0,0,19,0
22:49:19.910,->,540,8,6,0,0,0,0,0,0,0
22:49:19.936,->,550,8,10,0,0,0,0,0,0,90
22:49:19.967,->,450,8,0,0,0,0,0,0,B,0
22:49:20.000,->,540,8,4,0,3E,0,0,0,19,0
22:49:20.000,->,550,8,10,0,0,0,0,0,0,D0
22:49:20.034,->,450,8,0,0,0,0,0,0,B,0
22:49:20.067,->,550,8,10,0,0,0,0,0,0,30
22:49:20.103,->,540,8,4,0,3E,0,0,0,1B,0
22:49:20.134,->,550,8,10,0,0,0,0,0,0,50
22:49:20.134,->,450,8,0,0,0,0,0,0,B,0
22:49:20.171,->,540,8,2,17,9F,4,11,0,2,97
22:49:20.199,->,540,8,6,0,0,0,0,0,0,0
22:49:20.232,->,550,8,10,0,0,0,0,0,0,90
22:49:20.266,->,450,8,0,0,0,0,0,0,B,0
22:49:20.266,->,540,8,2,18,5E,4,11,0,2,97
22:49:20.299,->,540,8,6,0,0,0,0,0,0,0
22:49:20.332,->,550,8,10,0,0,0,0,0,0,D0
22:49:20.365,->,450,8,0,0,0,0,0,0,B,0
22:49:20.398,->,540,8,4,0,3E,0,0,0,1E,0
22:49:20.398,->,540,8,6,0,0,0,0,0,0,0
22:49:20.431,->,550,8,10,0,0,0,0,0,0,50
22:49:20.464,->,550,8,10,0,0,0,0,0,0,70
22:49:20.497,->,540,8,4,0,3E,0,0,0,1D,0
22:49:20.531,->,550,8,10,0,0,0,0,0,0,90
22:49:20.531,->,450,8,0,0,0,0,0,0,B,0
22:49:20.564,->,550,8,10,0,0,0,0,0,0,B0
22:49:20.597,->,540,8,6,0,0,0,0,0,0,0
22:49:20.630,->,550,8,10,0,0,0,0,0,0,D0
22:49:20.663,->,450,8,0,0,0,0,0,0,B,0
22:49:20.663,->,540,8,2,1A,D9,4,11,0,2,94
22:49:20.697,->,540,8,6,0,0,0,0,0,0,0
22:49:20.730,->,550,8,10,0,0,0,0,0,0,50
22:49:20.764,->,450,8,0,0,0,0,0,0,B,0
22:49:20.807,->,540,8,2,1B,75,4,11,0,2,94
22:49:20.807,->,540,8,6,0,0,0,0,0,0,0
22:49:20.833,->,550,8,10,0,0,0,0,0,0,90
22:49:20.864,->,450,8,0,0,0,0,0,0,B,0
22:49:20.897,->,540,8,4,0,3E,0,0,0,1E,0
22:49:20.897,->,550,8,10,0,0,0,0,0,0,D0
22:49:20.937,->,450,8,0,0,0,0,0,0,B,0
22:49:20.963,->,550,8,10,0,0,0,0,0,0,30
22:49:20.997,->,540,8,4,0,44,0,0,0,1E,0
22:49:21.031,->,550,8,10,0,0,0,0,0,0,50
22:49:21.073,->,450,8,0,0,0,0,0,0,B,0
22:49:21.073,->,550,8,10,0,0,0,0,0,0,70
22:49:21.097,->,540,8,6,0,0,0,0,0,0,0
22:49:21.130,->,550,8,10,0,0,0,0,0,0,90
22:49:21.163,->,450,8,0,0,0,0,0,0,B,0
22:49:21.163,->,540,8,2,1C,47,4,11,0,2,92
22:49:21.197,->,540,8,6,0,0,0,0,0,0,0
22:49:21.230,->,550,8,10,0,0,0,0,0,0,D0
22:49:21.263,->,450,8,0,0,0,0,0,0,B,0
22:49:21.297,->,541,8,2,0,0,0,0,0,0,0
22:49:21.297,->,540,8,6,0,0,0,0,0,0,0
22:49:21.330,->,550,8,10,0,0,0,0,0,0,50
22:49:21.365,->,450,8,0,0,0,0,0,0,B,0
22:49:21.397,->,540,8,4,0,44,0,0,0,14,0
22:49:21.397,->,540,8,6,0,0,0,0,0,0,0
22:49:21.429,->,550,8,10,0,0,0,0,0,0,90
22:49:21.463,->,450,8,0,0,0,0,0,0,B,0
22:49:21.496,->,540,8,4,0,44,0,0,0,13,0
22:49:21.529,->,550,8,10,0,0,0,0,0,0,D0
22:49:21.529,->,450,8,0,0,0,0,0,0,B,0
22:49:21.563,->,550,8,10,0,0,0,0,0,0,30
22:49:21.596,->,540,8,4,0,44,0,0,0,11,0
22:49:21.629,->,550,8,10,0,0,0,0,0,0,50
22:49:21.663,->,450,8,0,0,0,0,0,0,B,0
22:49:21.663,->,540,8,2,18,51,4,11,0,2,90
22:49:21.695,->,540,8,6,0,0,0,0,0,0,0
22:49:21.729,->,550,8,10,0,0,0,0,0,0,90
22:49:21.763,->,450,8,0,0,0,0,0,0,B,0
22:49:21.763,->,540,8,2,17,34,4,11,0,2,90
22:49:21.795,->,540,8,6,0,0,0,0,0,0,0
22:49:21.829,->,550,8,10,0,0,0,0,0,0,D0
22:49:21.862,->,450,8,0,0,0,0,0,0,B,0
22:49:21.895,->,540,8,4,0,44,0,0,0,D,0
22:49:21.929,->,540,8,6,0,0,0,0,0,0,0
22:49:21.929,->,550,8,10,0,0,0,0,0,0,50
22:49:21.963,->,450,8,0,0,0,0,0,0,B,0
22:49:21.995,->,540,8,4,0,31,0,0,0,B,0
22:49:22.029,->,550,8,10,0,0,0,0,0,0,90
22:49:22.029,->,450,8,0,0,0,0,0,0,B,0
22:49:22.062,->,550,8,10,0,0,0,0,0,0,B0
22:49:22.095,->,540,8,4,0,31,0,0,0,9,0
22:49:22.129,->,550,8,10,0,0,0,0,0,0,D0
22:49:22.164,->,450,8,0,0,0,0,0,0,B,0
22:49:22.164,->,550,8,10,0,0,0,0,0,0,30
22:49:22.197,->,540,8,6,0,0,0,0,0,0,0
22:49:22.229,->,550,8,10,0,0,0,0,0,0,50
22:49:22.261,->,450,8,0,0,0,0,0,0,B,0
22:49:22.261,->,540,8,2,F,88,4,11,0,2,8E
22:49:22.293,->,540,8,6,0,0,0,0,0,0,0
22:49:22.326,->,550,8,10,0,0,0,0,0,0,90
22:49:22.359,->,450,8,0,0,0,0,0,0,B,0
22:49:22.392,->,540,8,2,D,E8,4,11,0,2,8E
22:49:22.392,->,540,8,6,0,0,0,0,0,0,0
22:49:22.425,->,550,8,10,0,0,0,0,0,0,D0
22:49:22.458,->,450,8,0,0,0,0,0,0,B,0
22:49:22.492,->,540,8,4,0,31,0,0,0,7,0
22:49:22.526,->,540,8,6,0,0,0,0,0,0,0
22:49:22.526,->,550,8,10,0,0,0,0,0,0,50
22:49:22.558,->,550,8,10,0,0,0,0,0,0,70
22:49:22.592,->,540,8,4,0,31,0,0,0,7,0
22:49:22.625,->,550,8,10,0,0,0,0,0,0,90
22:49:22.658,->,450,8,0,0,0,0,0,0,B,0
22:49:22.658,->,550,8,10,0,0,0,0,0,0,B0
22:49:22.691,->,540,8,6,0,0,0,0,0,0,0
22:49:22.725,->,550,8,10,0,0,0,0,0,0,D0
22:49:22.758,->,450,8,0,0,0,0,0,0,B,0
22:49:22.758,->,540,8,2,9,E4,4,11,0,2,8C
22:49:22.791,->,540,8,6,0,0,0,0,0,0,0
22:49:22.824,->,550,8,10,0,0,0,0,0,0,50
22:49:22.858,->,450,8,0,0,0,0,0,0,B,0
22:49:22.891,->,540,8,2,A,E1,4,11,0,2,8C
22:49:22.891,->,540,8,6,0,0,0,0,0,0,0
22:49:22.923,->,550,8,10,0,0,0,0,0,0,90
22:49:22.956,->,450,8,0,0,0,0,0,0,B,0
22:49:22.989,->,540,8,4,0,17,0,0,0,15,0
22:49:23.023,->,540,8,6,0,0,0,0,0,0,0
22:49:23.023,->,550,8,10,0,0,0,0,0,0,D0
22:49:23.056,->,450,8,0,0,0,0,0,0,B,0
22:49:23.091,->,540,8,4,0,17,0,0,0,15,0
22:49:23.124,->,550,8,10,0,0,0,0,0,0,50
22:49:23.157,->,450,8,0,0,0,0,0,0,B,0
22:49:23.157,->,550,8,10,0,0,0,0,0,0,70
22:49:23.194,->,540,8,4,0,17,0,0,0,16,0
22:49:23.221,->,550,8,10,0,0,0,0,0,0,90
22:49:23.255,->,450,8,0,0,0,0,0,0,B,0
22:49:23.288,->,550,8,10,0,0,0,0,0,0,B0
22:49:23.288,->,540,8,6,0,0,0,0,0,0,0
22:49:23.321,->,550,8,10,0,0,0,0,0,0,D0
22:49:23.354,->,450,8,0,0,0,0,0,0,B,0
22:49:23.387,->,540,8,2,11,80,4,11,0,2,8B
22:49:23.387,->,540,8,6,0,0,0,0,0,0,0
22:49:23.420,->,550,8,10,0,0,0,0,0,0,50
22:49:23.454,->,450,8,0,0,0,0,0,0,B,0
22:49:23.487,->,540,8,4,0,17,0,0,0,1B,0
22:49:23.520,->,540,8,6,0,0,0,0,0,0,0
22:49:23.520,->,550,8,10,0,0,0,0,0,0,90
22:49:23.553,->,450,8,0,0,0,0,0,0,B,0
22:49:23.589,->,540,8,4,0,17,0,0,0,1D,0
22:49:23.621,->,450,8,0,0,0,0,0,0,B,0
22:49:23.621,->,550,8,10,0,0,0,0,0,0,D0
22:49:23.653,->,550,8,10,0,0,0,0,0,0,30
22:49:23.687,->,540,8,4,0,17,0,0,0,1F,0
22:49:23.720,->,550,8,10,0,0,0,0,0,0,50
22:49:23.756,->,450,8,0,0,0,0,0,0,B,0
22:49:23.756,->,550,8,10,0,0,0,0,0,0,70
22:49:23.786,->,540,8,6,0,0,0,0,0,0,0
22:49:23.819,->,550,8,10,0,0,0,0,0,0,90
22:49:23.852,->,450,8,0,0,0,0,0,0,B,0
22:49:23.886,->,540,8,2,18,8F,4,11,0,2,8A
22:49:23.919,->,540,8,6,0,0,0,0,0,0,0
22:49:23.919,->,550,8,10,0,0,0,0,0,0,D0
22:49:23.954,->,450,8,0,0,0,0,0,0,B,0
22:49:23.986,->,541,8,2,0,0,0,0,0,0,0
22:49:24.019,->,540,8,6,0,0,0,0,0,0,0
22:49:24.019,->,550,8,10,0,0,0,0,0,0,50
22:49:24.052,->,450,8,0,0,0,0,0,0,B,0
22:49:24.085,->,540,8,4,0,3E,0,0,0,2F,0
22:49:24.118,->,540,8,6,0,0,0,0,0,0,0
22:49:24.152,->,550,8,10,0,0,0,0,0,0,90
22:49:24.152,->,450,8,0,0,0,0,0,0,B,0
22:49:24.184,->,540,8,4,0,3E,0,0,0,40,0
22:49:24.218,->,550,8,10,0,0,0,0,0,0,D0
22:49:24.251,->,450,8,0,0,0,0,0,0,B,0
22:49:24.251,->,550,8,10,0,0,0,0,0,0,30
22:49:24.284,->,540,8,4,0,3E,0,0,0,43,0
22:49:24.317,->,550,8,10,0,0,0,0,0,0,50
22:49:24.350,->,450,8,0,0,0,0,0,0,B,0
22:49:24.383,->,540,8,2,21,1D,4,11,0,2,89
22:49:24.416,->,540,8,6,0,0,0,0,0,0,0
22:49:24.416,->,550,8,10,0,0,0,0,0,0,90
22:49:24.451,->,450,8,0,0,0,0,0,0,B,0
22:49:24.485,->,540,8,2,23,20,4,11,0,2,89
22:49:24.518,->,540,8,6,0,0,0,0,0,0,0
22:49:24.518,->,550,8,10,0,0,0,0,0,0,D0
22:49:24.551,->,450,8,0,0,0,0,0,0,B,0
22:49:24.586,->,540,8,4,0,3E,0,0,0,57,0
22:49:24.618,->,540,8,6,0,0,0,0,0,0,0
22:49:24.649,->,550,8,10,0,0,0,0,0,0,50
22:49:24.649,->,550,8,10,0,0,0,0,0,0,70
22:49:24.683,->,540,8,4,0,3E,0,0,0,57,0
22:49:24.716,->,550,8,10,0,0,0,0,0,0,90
22:49:24.750,->,450,8,0,0,0,0,0,0,B,0
22:49:24.782,->,550,8,10,0,0,0,0,0,0,B0
22:49:24.782,->,540,8,6,0,0,0,0,0,0,0
22:49:24.814,->,550,8,10,0,0,0,0,0,0,D0
22:49:24.848,->,450,8,0,0,0,0,0,0,B,0
22:49:24.882,->,540,8,2,27,A4,4,11,0,2,89
22:49:24.916,->,540,8,6,0,0,0,0,0,0,0
22:49:24.916,->,550,8,10,0,0,0,0,0,0,50
22:49:24.948,->,450,8,0,0,0,0,0,0,B,0
22:49:24.981,->,540,8,2,27,DD,4,11,0,2,89
22:49:25.014,->,540,8,6,0,0,0,0,0,0,0
22:49:25.047,->,550,8,10,0,0,0,0,0,0,90
22:49:25.047,->,450,8,0,0,0,0,0,0,B,0
22:49:25.080,->,540,8,4,0,85,0,0,0,2A,0
22:49:25.113,->,550,8,10,0,0,0,0,0,0,D0
22:49:25.146,->,450,8,0,0,0,0,0,0,B,0
22:49:25.179,->,550,8,10,0,0,0,0,0,0,30
22:49:25.179,->,540,8,4,0,85,0,0,0,22,0
22:49:25.212,->,550,8,10,0,0,0,0,0,0,50
22:49:25.245,->,450,8,0,0,0,0,0,0,B,0
22:49:25.278,->,550,8,10,0,0,0,0,0,0,70
22:49:25.318,->,540,8,6,0,0,0,0,0,0,0
22:49:25.318,->,550,8,10,0,0,0,0,0,0,90
22:49:25.345,->,450,8,0,0,0,0,0,0,B,0
22:49:25.378,->,540,8,2,20,F8,4,11,0,2,89
22:49:25.411,->,540,8,6,0,0,0,0,0,0,0
22:49:25.444,->,550,8,10,0,0,0,0,0,0,D0
22:49:25.444,->,450,8,0,0,0,0,0,0,B,0
22:49:25.479,->,541,8,2,0,0,0,0,0,0,0
22:49:25.512,->,540,8,6,0,0,0,0,0,0,0
22:49:25.546,->,550,8,10,0,0,0,0,0,0,50
22:49:25.546,->,450,8,0,0,0,0,0,0,B,0
22:49:25.578,->,540,8,4,0,85,0,0,0,17,0
22:49:25.618,->,540,8,6,0,0,0,0,0,0,0
22:49:25.647,->,550,8,10,0,0,0,0,0,0,90
22:49:25.679,->,450,8,0,0,0,0,0,0,B,0
22:49:25.679,->,540,8,4,0,85,0,0,0,16,0
22:49:25.711,->,550,8,10,0,0,0,0,0,0,D0
22:49:25.745,->,450,8,0,0,0,0,0,0,B,0
22:49:25.777,->,550,8,10,0,0,0,0,0,0,30
22:49:25.811,->,540,8,4,0,85,0,0,0,16,0
22:49:25.811,->,550,8,10,0,0,0,0,0,0,50
22:49:25.844,->,450,8,0,0,0,0,0,0,B,0
22:49:25.878,->,540,8,2,1A,FF,4,11,0,2,89
22:49:25.911,->,540,8,6,0,0,0,0,0,0,0
22:49:25.911,->,550,8,10,0,0,0,0,0,0,90
22:49:25.944,->,450,8,0,0,0,0,0,0,B,0
22:49:25.977,->,540,8,2,1A,91,4,11,0,2,88
22:49:26.011,->,540,8,6,0,0,0,0,0,0,0
22:49:26.043,->,550,8,10,0,0,0,0,0,0,D0
22:49:26.077,->,450,8,0,0,0,0,0,0,B,0
22:49:26.077,->,540,8,4,0,56,0,0,0,13,0
22:49:26.110,->,540,8,6,0,0,0,0,0,0,0
22:49:26.144,->,550,8,10,0,0,0,0,0,0,50
22:49:26.176,->,550,8,10,0,0,0,0,0,0,70
22:49:26.176,->,540,8,4,0,56,0,0,0,12,0
22:49:26.210,->,550,8,10,0,0,0,0,0,0,90
22:49:26.244,->,450,8,0,0,0,0,0,0,B,0
22:49:26.277,->,550,8,10,0,0,0,0,0,0,B0
22:49:26.309,->,540,8,6,0,0,0,0,0,0,0
22:49:26.309,->,550,8,10,0,0,0,0,0,0,D0
22:49:26.343,->,450,8,0,0,0,0,0,0,B,0
22:49:26.376,->,540,8,2,18,69,4,11,0,2,89
22:49:26.411,->,540,8,6,0,0,0,0,0,0,0
22:49:26.443,->,550,8,10,0,0,0,0,0,0,50
22:49:26.443,->,450,8,0,0,0,0,0,0,B,0
22:49:26.477,->,540,8,2,17,CC,4,11,0,2,89
22:49:26.511,->,540,8,6,0,0,0,0,0,0,0
22:49:26.542,->,550,8,10,0,0,0,0,0,0,90
22:49:26.575,->,450,8,0,0,0,0,0,0,B,0
22:49:26.575,->,540,8,4,0,56,0,0,0,E,0
22:49:26.609,->,550,8,10,0,0,0,0,0,0,D0
22:49:26.645,->,450,8,0,0,0,0,0,0,B,0
22:49:26.677,->,550,8,10,0,0,0,0,0,0,30
22:49:26.677,->,540,8,4,0,56,0,0,0,E,0
22:49:26.729,->,550,8,10,0,0,0,0,0,0,50
22:49:26.729,->,450,8,0,0,0,0,0,0,B,0
22:49:26.777,->,550,8,10,0,0,0,0,0,0,70
22:49:26.811,->,540,8,6,0,0,0,0,0,0,0
22:49:26.811,->,550,8,10,0,0,0,0,0,0,90
22:49:26.844,->,450,8,0,0,0,0,0,0,B,0
22:49:26.878,->,540,8,2,13,AB,4,11,0,2,89
22:49:26.911,->,540,8,6,0,0,0,0,0,0,0
22:49:26.945,->,550,8,10,0,0,0,0,0,0,D0
22:49:26.945,->,450,8,0,0,0,0,0,0,B,0
22:49:26.976,->,540,8,2,12,9D,4,11,0,2,89
22:49:27.009,->,540,8,6,0,0,0,0,0,0,0
22:49:27.042,->,550,8,10,0,0,0,0,0,0,50
22:49:27.076,->,450,8,0,0,0,0,0,0,B,0
22:49:27.076,->,540,8,4,0,25,0,0,0,C,0
22:49:27.110,->,540,8,6,0,0,0,0,0,0,0
22:49:27.144,->,550,8,10,0,0,0,0,0,0,90
22:49:27.177,->,550,8,10,0,0,0,0,0,0,B0
22:49:27.177,->,540,8,4,0,25,0,0,0,C,0
22:49:27.211,->,550,8,10,0,0,0,0,0,0,D0
22:49:27.245,->,450,8,0,0,0,0,0,0,B,0
22:49:27.277,->,550,8,10,0,0,0,0,0,0,30
22:49:27.313,->,540,8,6,0,0,0,0,0,0,0
22:49:27.313,->,550,8,10,0,0,0,0,0,0,50
22:49:27.341,->,450,8,0,0,0,0,0,0,B,0
22:49:27.376,->,540,8,2,F,D9,4,11,0,2,89
22:49:27.409,->,540,8,6,0,0,0,0,0,0,0
22:49:27.409,->,550,8,10,0,0,0,0,0,0,90
22:49:27.443,->,450,8,0,0,0,0,0,0,B,0
22:49:27.475,->,540,8,2,10,40,4,11,0,2,89
22:49:27.510,->,540,8,6,0,0,0,0,0,0,0
22:49:27.543,->,550,8,10,0,0,0,0,0,0,D0
22:49:27.576,->,450,8,0,0,0,0,0,0,B,0
22:49:27.576,->,540,8,4,0,25,0,0,0,15,0
22:49:27.610,->,540,8,6,0,0,0,0,0,0,0
22:49:27.643,->,550,8,10,0,0,0,0,0,0,50
22:49:27.676,->,450,8,0,0,0,0,0,0,B,0
22:49:27.676,->,540,8,4,0,25,0,0,0,17,0
22:49:27.708,->,550,8,10,0,0,0,0,0,0,90
22:49:27.742,->,450,8,0,0,0,0,0,0,B,0
22:49:27.776,->,550,8,10,0,0,0,0,0,0,B0
22:49:27.810,->,540,8,4,0,25,0,0,0,1A,0
22:49:27.810,->,550,8,10,0,0,0,0,0,0,D0
22:49:27.847,->,450,8,0,0,0,0,0,0,B,0
22:49:27.878,->,540,8,2,14,3E,4,11,0,2,8A
22:49:27.916,->,540,8,6,0,0,0,0,0,0,0
22:49:27.916,->,550,8,10,0,0,0,0,0,0,50
22:49:27.946,->,450,8,0,0,0,0,0,0,B,0
22:49:27.974,->,540,8,2,15,77,4,11,0,2,8A
22:49:28.009,->,540,8,6,0,0,0,0,0,0,0
22:49:28.052,->,550,8,10,0,0,0,0,0,0,90
22:49:28.052,->,450,8,0,0,0,0,0,0,B,0
22:49:28.075,->,540,8,4,0,2C,0,0,0,1F,0
22:49:28.107,->,540,8,6,0,0,0,0,0,0,0
22:49:28.142,->,550,8,10,0,0,0,0,0,0,D0
22:49:28.175,->,550,8,10,0,0,0,0,0,0,30
22:49:28.208,->,540,8,4,0,2C,0,0,0,22,0
22:49:28.208,->,550,8,10,0,0,0,0,0,0,50
22:49:28.242,->,450,8,0,0,0,0,0,0,B,0
22:49:28.276,->,550,8,10,0,0,0,0,0,0,70
22:49:28.308,->,540,8,6,0,0,0,0,0,0,0
22:49:28.308,->,550,8,10,0,0,0,0,0,0,90
22:49:28.347,->,450,8,0,0,0,0,0,0,B,0
22:49:28.381,->,540,8,2,1A,CB,4,11,0,2,8A
22:49:28.414,->,540,8,6,0,0,0,0,0,0,0
22:49:28.414,->,550,8,10,0,0,0,0,0,0,D0
22:49:28.455,->,450,8,0,0,0,0,0,0,B,0
22:49:28.478,->,541,8,2,0,0,0,0,0,0,0
22:49:28.512,->,540,8,6,0,0,0,0,0,0,0
22:49:28.545,->,550,8,10,0,0,0,0,0,0,50
22:49:28.545,->,450,8,0,0,0,0,0,0,B,0
22:49:28.578,->,540,8,4,0,2C,0,0,0,27,0
22:49:28.611,->,540,8,6,0,0,0,0,0,0,0
22:49:28.644,->,550,8,10,0,0,0,0,0,0,90
22:49:28.677,->,450,8,0,0,0,0,0,0,B,0
22:49:28.677,->,540,8,4,0,2C,0,0,0,2F,0
22:49:28.711,->,550,8,10,0,0,0,0,0,0,D0
22:49:28.744,->,450,8,0,0,0,0,0,0,B,0
22:49:28.779,->,550,8,10,0,0,0,0,0,0,30
22:49:28.779,->,540,8,4,0,2C,0,0,0,32,0
22:49:28.812,->,550,8,10,0,0,0,0,0,0,50
22:49:28.845,->,450,8,0,0,0,0,0,0,B,0
22:49:28.879,->,550,8,10,0,0,0,0,0,0,70
22:49:28.912,->,540,8,6,0,0,0,0,0,0,0
22:49:28.912,->,550,8,10,0,0,0,0,0,0,90
22:49:28.943,->,450,8,0,0,0,0,0,0,B,0
22:49:28.976,->,540,8,2,22,EA,4,11,0,2,8B
22:49:29.010,->,540,8,6,0,0,0,0,0,0,0
22:49:29.042,->,550,8,10,0,0,0,0,0,0,D0
22:49:29.075,->,450,8,0,0,0,0,0,0,B,0
22:49:29.075,->,541,8,2,0,0,0,0,0,0,0
22:49:29.109,->,540,8,6,0,0,0,0,0,0,0
22:49:29.143,->,550,8,10,0,0,0,0,0,0,50
22:49:29.143,->,450,8,0,0,0,0,0,0,B,0
22:49:29.183,->,540,8,4,0,58,0,0,0,48,0
22:49:29.212,->,540,8,6,0,0,0,0,0,0,0
22:49:29.245,->,550,8,10,0,0,0,0,0,0,90
22:49:29.280,->,550,8,10,0,0,0,0,0,0,B0
22:49:29.280,->,540,8,4,0,58,0,0,0,48,0
22:49:29.310,->,550,8,10,0,0,0,0,0,0,D0
22:49:29.342,->,450,8,0,0,0,0,0,0,B,0
22:49:29.375,->,550,8,10,0,0,0,0,0,0,30
22:49:29.408,->,540,8,6,0,0,0,0,0,0,0
22:49:29.408,->,550,8,10,0,0,0,0,0,0,50
22:49:29.442,->,450,8,0,0,0,0,0,0,B,0
22:49:29.474,->,540,8,2,28,9C,4,11,0,2,8B
22:49:29.509,->,540,8,6,0,0,0,0,0,0,0
22:49:29.542,->,550,8,10,0,0,0,0,0,0,90
22:49:29.542,->,450,8,0,0,0,0,0,0,B,0
22:49:29.575,->,540,8,2,27,1A,4,11,0,2,8B
22:49:29.611,->,540,8,6,0,0,0,0,0,0,0
22:49:29.643,->,550,8,10,0,0,0,0,0,0,D0
22:49:29.676,->,450,8,0,0,0,0,0,0,B,0
22:49:29.676,->,540,8,4,0,58,0,0,0,2F,0
22:49:29.709,->,540,8,6,0,0,0,0,0,0,0
22:49:29.739,->,550,8,10,0,0,0,0,0,0,50
22:49:29.773,->,550,8,10,0,0,0,0,0,0,70
22:49:29.806,->,540,8,4,0,58,0,0,0,2B,0
22:49:29.806,->,550,8,10,0,0,0,0,0,0,90
22:49:29.839,->,450,8,0,0,0,0,0,0,B,0
22:49:29.872,->,550,8,10,0,0,0,0,0,0,B0
22:49:29.906,->,540,8,6,0,0,0,0,0,0,0
22:49:29.941,->,550,8,10,0,0,0,0,0,0,D0
22:49:29.941,->,450,8,0,0,0,0,0,0,B,0
22:49:29.976,->,540,8,2,24,60,4,11,0,2,8C
22:49:30.008,->,540,8,6,0,0,0,0,0,0,0
22:49:30.044,->,550,8,10,0,0,0,0,0,0,50
22:49:30.044,->,450,8,0,0,0,0,0,0,B,0
22:49:30.078,->,541,8,2,0,0,0,0,0,0,0
22:49:30.109,->,540,8,6,0,0,0,0,0,0,0
22:49:30.145,->,550,8,10,0,0,0,0,0,0,90
22:49:30.176,->,450,8,0,0,0,0,0,0,B,0
22:49:30.176,->,540,8,4,0,85,0,0,0,1E,0
22:49:30.212,->,540,8,6,0,0,0,0,0,0,0
22:49:30.245,->,550,8,10,0,0,0,0,0,0,D0
22:49:30.276,->,450,8,0,0,0,0,0,0,B,0
22:49:30.276,->,540,8,4,0,85,0,0,0,1C,0
22:49:30.311,->,550,8,10,0,0,0,0,0,0,50
22:49:30.346,->,450,8,0,0,0,0,0,0,B,0
22:49:30.375,->,550,8,10,0,0,0,0,0,0,70
22:49:30.410,->,540,8,4,0,85,0,0,0,1B,0
22:49:30.410,->,550,8,10,0,0,0,0,0,0,90
22:49:30.445,->,450,8,0,0,0,0,0,0,B,0
22:49:30.477,->,550,8,10,0,0,0,0,0,0,B0
22:49:30.510,->,540,8,6,0,0,0,0,0,0,0
22:49:30.510,->,550,8,10,0,0,0,0,0,0,D0
22:49:30.543,->,450,8,0,0,0,0,0,0,B,0
22:49:30.577,->,540,8,2,1C,F2,4,11,0,2,8D
22:49:30.609,->,540,8,6,0,0,0,0,0,0,0
22:49:30.645,->,550,8,10,0,0,0,0,0,0,50
22:49:30.645,->,450,8,0,0,0,0,0,0,B,0
22:49:30.675,->,541,8,2,0,0,0,0,0,0,0
22:49:30.707,->,540,8,6,0,0,0,0,0,0,0
22:49:30.741,->,550,8,10,0,0,0,0,0,0,90
22:49:30.778,->,450,8,0,0,0,0,0,0,B,0
22:49:30.778,->,540,8,4,0,85,0,0,0,17,0
22:49:30.814,->,540,8,6,0,0,0,0,0,0,0
22:49:30.841,->,550,8,10,0,0,0,0,0,0,D0
22:49:30.875,->,550,8,10,0,0,0,0,0,0,30
22:49:30.906,->,540,8,4,0,85,0,0,0,16,0
22:49:30.906,->,550,8,10,0,0,0,0,0,0,50
22:49:30.941,->,450,8,0,0,0,0,0,0,B,0
22:49:30.974,->,550,8,10,0,0,0,0,0,0,70
22:49:31.014,->,540,8,6,0,0,0,0,0,0,0
22:49:31.014,->,550,8,10,0,0,0,0,0,0,90
22:49:31.042,->,450,8,0,0,0,0,0,0,B,0
22:49:31.074,->,540,8,2,1B,93,4,11,0,2,8D
22:49:31.109,->,540,8,6,0,0,0,0,0,0,0
22:49:31.145,->,550,8,10,0,0,0,0,0,0,D0
22:49:31.145,->,450,8,0,0,0,0,0,0,B,0
22:49:31.178,->,540,8,2,1B,54,4,11,0,2,8D
22:49:31.207,->,540,8,6,0,0,0,0,0,0,0
22:49:31.239,->,550,8,10,0,0,0,0,0,0,50
22:49:31.272,->,450,8,0,0,0,0,0,0,B,0
22:49:31.272,->,540,8,4,0,4D,0,0,0,15,0
22:49:31.306,->,540,8,6,0,0,0,0,0,0,0
22:49:31.341,->,550,8,10,0,0,0,0,0,0,90
22:49:31.384,->,550,8,10,0,0,0,0,0,0,B0
22:49:31.384,->,540,8,4,0,4D,0,0,0,15,0
22:49:31.409,->,550,8,10,0,0,0,0,0,0,D0
22:49:31.440,->,450,8,0,0,0,0,0,0,B,0
22:49:31.473,->,550,8,10,0,0,0,0,0,0,30
22:49:31.506,->,540,8,6,0,0,0,0,0,0,0
22:49:31.506,->,550,8,10,0,0,0,0,0,0,50
22:49:31.540,->,450,8,0,0,0,0,0,0,B,0
22:49:31.572,->,540,8,2,1A,1B,4,11,0,2,8E
22:49:31.605,->,540,8,6,0,0,0,0,0,0,0
22:49:31.639,->,550,8,10,0,0,0,0,0,0,90
22:49:31.672,->,450,8,0,0,0,0,0,0,B,0
22:49:31.672,->,541,8,2,0,0,0,0,0,0,0
22:49:31.705,->,540,8,6,0,0,0,0,0,0,0
22:49:31.738,->,550,8,10,0,0,0,0,0,0,D0
22:49:31.771,->,450,8,0,0,0,0,0,0,B,0
22:49:31.771,->,540,8,4,0,4D,0,0,0,12,0
22:49:31.804,->,540,8,6,0,0,0,0,0,0,0
22:49:31.838,->,550,8,10,0,0,0,0,0,0,50
22:49:31.874,->,450,8,0,0,0,0,0,0,B,0
22:49:31.874,->,540,8,4,0,4D,0,0,0,12,0
22:49:31.909,->,550,8,10,0,0,0,0,0,0,90
22:49:31.961,->,450,8,0,0,0,0,0,0,B,0
22:49:31.961,->,550,8,10,0,0,0,0,0,0,B0
22:49:32.007,->,540,8,4,0,31,0,0,0,11,0
22:49:32.007,->,550,8,10,0,0,0,0,0,0,D0
22:49:32.040,->,450,8,0,0,0,0,0,0,B,0
22:49:32.072,->,550,8,10,0,0,0,0,0,0,30
22:49:32.107,->,540,8,6,0,0,0,0,0,0,0
22:49:32.107,->,550,8,10,0,0,0,0,0,0,50
22:49:32.145,->,450,8,0,0,0,0,0,0,B,0
22:49:32.174,->,540,8,2,17,52,4,11,0,2,8F
22:49:32.207,->,540,8,6,0,0,0,0,0,0,0
22:49:32.245,->,550,8,10,0,0,0,0,0,0,90
22:49:32.245,->,450,8,0,0,0,0,0,0,B,0
22:49:32.275,->,541,8,2,0,0,0,0,0,0,0
22:49:32.308,->,540,8,6,0,0,0,0,0,0,0
22:49:32.339,->,550,8,10,0,0,0,0,0,0,D0
22:49:32.371,->,450,8,0,0,0,0,0,0,B,0
22:49:32.371,->,540,8,4,0,31,0,0,0,F,0
22:49:32.405,->,540,8,6,0,0,0,0,0,0,0
22:49:32.438,->,550,8,10,0,0,0,0,0,0,50
22:49:32.471,->,450,8,0,0,0,0,0,0,B,0
22:49:32.505,->,540,8,4,0,31,0,0,0,F,0
22:49:32.505,->,550,8,10,0,0,0,0,0,0,90
22:49:32.538,->,450,8,0,0,0,0,0,0,B,0
22:49:32.571,->,550,8,10,0,0,0,0,0,0,B0
22:49:32.605,->,540,8,4,0,31,0,0,0,F,0
22:49:32.605,->,550,8,10,0,0,0,0,0,0,D0
22:49:32.639,->,450,8,0,0,0,0,0,0,B,0
22:49:32.672,->,550,8,10,0,0,0,0,0,0,30
22:49:32.709,->,540,8,6,0,0,0,0,0,0,0
22:49:32.709,->,550,8,10,0,0,0,0,0,0,50
22:49:32.742,->,450,8,0,0,0,0,0,0,B,0
22:49:32.780,->,540,8,2,14,F1,4,11,0,2,90
22:49:32.814,->,540,8,6,0,0,0,0,0,0,0
22:49:32.814,->,550,8,10,0,0,0,0,0,0,90
22:49:32.844,->,450,8,0,0,0,0,0,0,B,0
22:49:32.877,->,540,8,2,14,A8,4,11,0,2,90
22:49:32.910,->,540,8,6,0,0,0,0,0,0,0
22:49:32.942,->,550,8,10,0,0,0,0,0,0,D0
22:49:32.975,->,450,8,0,0,0,0,0,0,B,0
22:49:32.975,->,540,8,4,0,23,0,0,0,F,0
22:49:33.009,->,550,8,10,0,0,0,0,0,0,50
22:49:33.041,->,450,8,0,0,0,0,0,0,B,0
22:49:33.075,->,550,8,10,0,0,0,0,0,0,70
22:49:33.108,->,540,8,4,0,23,0,0,0,10,0
22:49:33.108,->,550,8,10,0,0,0,0,0,0,90
22:49:33.142,->,450,8,0,0,0,0,0,0,B,0
22:49:33.174,->,550,8,10,0,0,0,0,0,0,B0
22:49:33.207,->,540,8,6,0,0,0,0,0,0,0
22:49:33.240,->,550,8,10,0,0,0,0,0,0,D0
22:49:33.240,->,450,8,0,0,0,0,0,0,B,0
22:49:33.275,->,540,8,2,14,CE,4,11,0,2,91
22:49:33.307,->,540,8,6,0,0,0,0,0,0,0
22:49:33.341,->,550,8,10,0,0,0,0,0,0,50
22:49:33.341,->,450,8,0,0,0,0,0,0,B,0
22:49:33.374,->,541,8,2,0,0,0,0,0,0,0
22:49:33.408,->,540,8,6,0,0,0,0,0,0,0
22:49:33.443,->,550,8,10,0,0,0,0,0,0,90
22:49:33.443,->,450,8,0,0,0,0,0,0,B,0
22:49:33.477,->,540,8,4,0,23,0,0,0,1A,0
22:49:33.511,->,540,8,6,0,0,0,0,0,0,0
22:49:33.543,->,550,8,10,0,0,0,0,0,0,D0
22:49:33.577,->,450,8,0,0,0,0,0,0,B,0
22:49:33.577,->,540,8,4,0,23,0,0,0,1C,0
22:49:33.610,->,550,8,10,0,0,0,0,0,0,50
22:49:33.643,->,450,8,0,0,0,0,0,0,B,0
22:49:33.676,->,550,8,10,0,0,0,0,0,0,70
22:49:33.676,->,540,8,4,0,23,0,0,0,1E,0
22:49:33.707,->,550,8,10,0,0,0,0,0,0,90
22:49:33.742,->,450,8,0,0,0,0,0,0,B,0
22:49:33.774,->,550,8,10,0,0,0,0,0,0,B0
22:49:33.807,->,540,8,6,0,0,0,0,0,0,0
22:49:33.840,->,550,8,10,0,0,0,0,0,0,D0
22:49:33.840,->,450,8,0,0,0,0,0,0,B,0
22:49:33.873,->,540,8,2,1B,5B,4,11,0,2,92
22:49:33.909,->,540,8,6,0,0,0,0,0,0,0
22:49:33.943,->,550,8,10,0,0,0,0,0,0,50
22:49:33.976,->,450,8,0,0,0,0,0,0,B,0
22:49:33.976,->,541,8,2,0,0,0,0,0,0,0
22:49:34.006,->,540,8,6,0,0,0,0,0,0,0
22:49:34.039,->,550,8,10,0,0,0,0,0,0,90
22:49:34.072,->,450,8,0,0,0,0,0,0,B,0
22:49:34.072,->,540,8,4,0,37,0,0,0,27,0
22:49:34.105,->,540,8,6,0,0,0,0,0,0,0
22:49:34.138,->,550,8,10,0,0,0,0,0,0,D0
22:49:34.171,->,550,8,10,0,0,0,0,0,0,30
22:49:34.207,->,540,8,4,0,37,0,0,0,2B,0
22:49:34.207,->,550,8,10,0,0,0,0,0,0,50
22:49:34.248,->,450,8,0,0,0,0,0,0,B,0
22:49:34.285,->,550,8,10,0,0,0,0,0,0,70
22:49:34.285,->,540,8,6,0,0,0,0,0,0,0
22:49:34.315,->,550,8,10,0,0,0,0,0,0,90
22:49:34.346,->,450,8,0,0,0,0,0,0,B,0
22:49:34.379,->,540,8,2,21,62,4,11,0,2,93
22:49:34.412,->,540,8,6,0,0,0,0,0,0,0
22:49:34.446,->,550,8,10,0,0,0,0,0,0,D0
22:49:34.446,->,450,8,0,0,0,0,0,0,B,0
22:49:34.479,->,540,8,2,22,95,4,11,0,2,93
22:49:34.512,->,540,8,6,0,0,0,0,0,0,0
22:49:34.547,->,550,8,10,0,0,0,0,0,0,50
22:49:34.547,->,450,8,0,0,0,0,0,0,B,0
22:49:34.578,->,540,8,4,0,37,0,0,0,31,0
22:49:34.612,->,540,8,6,0,0,0,0,0,0,0
22:49:34.645,->,550,8,10,0,0,0,0,0,0,90
22:49:34.678,->,550,8,10,0,0,0,0,0,0,B0
22:49:34.678,->,540,8,4,0,37,0,0,0,2F,0
22:49:34.712,->,550,8,10,0,0,0,0,0,0,D0
22:49:34.745,->,450,8,0,0,0,0,0,0,B,0
22:49:34.778,->,550,8,10,0,0,0,0,0,0,30
22:49:34.812,->,540,8,6,0,0,0,0,0,0,0
22:49:34.812,->,550,8,10,0,0,0,0,0,0,50
22:49:34.845,->,450,8,0,0,0,0,0,0,B,0
22:49:34.882,->,540,8,2,25,8,4,11,0,2,94
22:49:34.911,->,540,8,6,0,0,0,0,0,0,0
22:49:34.944,->,550,8,10,0,0,0,0,0,0,90
22:49:34.944,->,450,8,0,0,0,0,0,0,B,0
22:49:34.980,->,540,8,2,23,E0,4,11,0,2,94
22:49:35.012,->,540,8,6,0,0,0,0,0,0,0
22:49:35.045,->,550,8,10,0,0,0,0,0,0,D0
22:49:35.045,->,450,8,0,0,0,0,0,0,B,0
22:49:35.078,->,540,8,4,0,70,0,0,0,20,0
22:49:35.111,->,550,8,10,0,0,0,0,0,0,50
22:49:35.144,->,450,8,0,0,0,0,0,0,B,0
22:49:35.177,->,550,8,10,0,0,0,0,0,0,70
22:49:35.177,->,540,8,4,0,70,0,0,0,1D,0
22:49:35.211,->,550,8,10,0,0,0,0,0,0,90
22:49:35.244,->,450,8,0,0,0,0,0,0,B,0
22:49:35.278,->,550,8,10,0,0,0,0,0,0,B0
22:49:35.311,->,540,8,6,0,0,0,0,0,0,0
22:49:35.311,->,550,8,10,0,0,0,0,0,0,D0
22:49:35.344,->,450,8,0,0,0,0,0,0,B,0
22:49:35.378,->,540,8,2,1E,D9,4,11,0,2,95
22:49:35.411,->,540,8,6,0,0,0,0,0,0,0
22:49:35.443,->,550,8,10,0,0,0,0,0,0,50
22:49:35.443,->,450,8,0,0,0,0,0,0,B,0
22:49:35.477,->,541,8,2,0,0,0,0,0,0,0
22:49:35.509,->,540,8,6,0,0,0,0,0,0,0
22:49:35.542,->,550,8,10,0,0,0,0,0,0,90
22:49:35.576,->,450,8,0,0,0,0,0,0,B,0
22:49:35.576,->,540,8,4,0,70,0,0,0,17,0
22:49:35.610,->,540,8,6,0,0,0,0,0,0,0
22:49:35.642,->,550,8,10,0,0,0,0,0,0,D0
22:49:35.675,->,450,8,0,0,0,0,0,0,B,0
22:49:35.675,->,540,8,4,0,70,0,0,0,16,0
22:49:35.709,->,550,8,10,0,0,0,0,0,0,50
22:49:35.741,->,450,8,0,0,0,0,0,0,B,0
22:49:35.774,->,550,8,10,0,0,0,0,0,0,70
22:49:35.807,->,540,8,4,0,70,0,0,0,15,0
22:49:35.807,->,550,8,10,0,0,0,0,0,0,90
22:49:35.840,->,450,8,0,0,0,0,0,0,B,0
22:49:35.873,->,550,8,10,0,0,0,0,0,0,B0
22:49:35.910,->,540,8,6,0,0,0,0,0,0,0
22:49:35.942,->,550,8,10,0,0,0,0,0,0,D0
22:49:35.942,->,450,8,0,0,0,0,0,0,B,0
22:49:35.976,->,540,8,2,1A,CF,4,11,0,2,96
22:49:36.010,->,540,8,6,0,0,0,0,0,0,0
22:49:36.040,->,550,8,10,0,0,0,0,0,0,50
22:49:36.073,->,450,8,0,0,0,0,0,0,B,0
22:49:36.073,->,541,8,2,0,0,0,0,0,0,0
22:49:36.107,->,540,8,6,0,0,0,0,0,0,0
22:49:36.139,->,550,8,10,0,0,0,0,0,0,90
22:49:36.172,->,450,8,0,0,0,0,0,0,B,0
22:49:36.172,->,540,8,4,0,49,0,0,0,12,0
22:49:36.205,->,540,8,6,0,0,0,0,0,0,0
22:49:36.239,->,550,8,10,0,0,0,0,0,0,D0
22:49:36.273,->,550,8,10,0,0,0,0,0,0,30
22:49:36.306,->,540,8,4,0,49,0,0,0,12,0
22:49:36.306,->,550,8,10,0,0,0,0,0,0,50
22:49:36.339,->,450,8,0,0,0,0,0,0,B,0
22:49:36.372,->,550,8,10,0,0,0,0,0,0,70
22:49:36.405,->,540,8,6,0,0,0,0,0,0,0
22:49:36.439,->,550,8,10,0,0,0,0,0,0,90
22:49:36.439,->,450,8,0,0,0,0,0,0,B,0
22:49:36.475,->,540,8,2,17,FA,4,11,0,2,97
22:49:36.509,->,540,8,6,0,0,0,0,0,0,0
22:49:36.540,->,550,8,10,0,0,0,0,0,0,D0
22:49:36.540,->,450,8,0,0,0,0,0,0,B,0
22:49:36.574,->,540,8,2,17,76,4,11,0,2,97
22:49:36.609,->,540,8,6,0,0,0,0,0,0,0
22:49:36.639,->,550,8,10,0,0,0,0,0,0,50
22:49:36.672,->,450,8,0,0,0,0,0,0,B,0
22:49:36.672,->,540,8,4,0,49,0,0,0,F,0
22:49:36.705,->,550,8,10,0,0,0,0,0,0,90
22:49:36.737,->,450,8,0,0,0,0,0,0,B,0
22:49:36.771,->,550,8,10,0,0,0,0,0,0,B0
22:49:36.804,->,540,8,4,0,49,0,0,0,F,0
22:49:36.804,->,550,8,10,0,0,0,0,0,0,D0
22:49:36.837,->,450,8,0,0,0,0,0,0,B,0
22:49:36.871,->,550,8,10,0,0,0,0,0,0,30
22:49:36.904,->,540,8,6,0,0,0,0,0,0,0
22:49:36.941,->,550,8,10,0,0,0,0,0,0,50
22:49:36.941,->,450,8,0,0,0,0,0,0,B,0
22:49:36.974,->,540,8,2,15,2D,4,11,0,2,98
22:49:37.007,->,540,8,6,0,0,0,0,0,0,0
22:49:37.040,->,550,8,10,0,0,0,0,0,0,90
22:49:37.040,->,450,8,0,0,0,0,0,0,B,0
22:49:37.071,->,540,8,2,14,C3,4,11,0,2,98
22:49:37.104,->,540,8,6,0,0,0,0,0,0,0
22:49:37.139,->,550,8,10,0,0,0,0,0,0,D0
22:49:37.173,->,450,8,0,0,0,0,0,0,B,0
22:49:37.173,->,540,8,4,0,28,0,0,0,F,0
22:49:37.204,->,540,8,6,0,0,0,0,0,0,0
22:49:37.238,->,550,8,10,0,0,0,0,0,0,50
22:49:37.269,->,550,8,10,0,0,0,0,0,0,70
22:49:37.305,->,540,8,4,0,28,0,0,0,F,0
22:49:37.305,->,550,8,10,0,0,0,0,0,0,90
22:49:37.340,->,450,8,0,0,0,0,0,0,B,0
22:49:37.372,->,550,8,10,0,0,0,0,0,0,B0
22:49:37.407,->,540,8,6,0,0,0,0,0,0,0
22:49:37.407,->,550,8,10,0,0,0,0,0,0,D0
22:49:37.436,->,450,8,0,0,0,0,0,0,B,0
22:49:37.470,->,550,8,10,0,0,0,0,0,0,30
22:49:37.502,->,540,8,6,0,0,0,0,0,0,0
22:49:37.535,->,550,8,10,0,0,0,0,0,0,50
22:49:37.535,->,450,8,0,0,0,0,0,0,B,0
22:49:37.569,->,540,8,2,13,CB,4,11,0,2,99
22:49:37.602,->,540,8,6,0,0,0,0,0,0,0
22:49:37.641,->,550,8,10,0,0,0,0,0,0,90
22:49:37.674,->,450,8,0,0,0,0,0,0,B,0
22:49:37.674,->,541,8,2,0,0,0,0,0,0,0
22:49:37.711,->,540,8,6,0,0,0,0,0,0,0
22:49:37.738,->,550,8,10,0,0,0,0,0,0,D0
22:49:37.770,->,450,8,0,0,0,0,0,0,B,0
22:49:37.770,->,540,8,4,0,28,0,0,0,18,0
22:49:37.803,->,540,8,6,0,0,0,0,0,0,0
22:49:37.836,->,550,8,10,0,0,0,0,0,0,50
22:49:37.870,->,550,8,10,0,0,0,0,0,0,70
22:49:37.905,->,540,8,4,0,28,0,0,0,1A,0
22:49:37.905,->,550,8,10,0,0,0,0,0,0,90
22:49:37.938,->,450,8,0,0,0,0,0,0,B,0
22:49:37.971,->,550,8,10,0,0,0,0,0,0,B0
22:49:38.004,->,540,8,6,0,0,0,0,0,0,0
22:49:38.037,->,550,8,10,0,0,0,0,0,0,D0
22:49:38.037,->,450,8,0,0,0,0,0,0,B,0
22:49:38.070,->,540,8,2,18,B9,4,11,0,2,9A
22:49:38.104,->,540,8,6,0,0,0,0,0,0,0
22:49:38.138,->,550,8,10,0,0,0,0,0,0,50
22:49:38.170,->,450,8,0,0,0,0,0,0,B,0
22:49:38.170,->,540,8,2,19,FE,4,11,0,2,9A
22:49:38.203,->,540,8,6,0,0,0,0,0,0,0
22:49:38.236,->,550,8,10,0,0,0,0,0,0,90
22:49:38.269,->,450,8,0,0,0,0,0,0,B,0
22:49:38.303,->,540,8,4,0,2A,0,0,0,25,0
22:49:38.303,->,550,8,10,0,0,0,0,0,0,D0
22:49:38.339,->,450,8,0,0,0,0,0,0,B,0
22:49:38.372,->,550,8,10,0,0,0,0,0,0,30
22:49:38.406,->,540,8,4,0,2A,0,0,0,27,0
22:49:38.406,->,550,8,10,0,0,0,0,0,0,50
22:49:38.438,->,450,8,0,0,0,0,0,0,B,0
22:49:38.469,->,550,8,10,0,0,0,0,0,0,70
22:49:38.502,->,540,8,6,0,0,0,0,0,0,0
22:49:38.535,->,550,8,10,0,0,0,0,0,0,90
22:49:38.535,->,450,8,0,0,0,0,0,0,B,0
22:49:38.569,->,540,8,2,1F,52,4,11,0,2,9B
22:49:38.606,->,540,8,6,0,0,0,0,0,0,0
22:49:38.638,->,550,8,10,0,0,0,0,0,0,D0
22:49:38.672,->,450,8,0,0,0,0,0,0,B,0
22:49:38.672,->,541,8,2,0,0,0,0,0,0,0
22:49:38.706,->,540,8,6,0,0,0,0,0,0,0
22:49:38.737,->,550,8,10,0,0,0,0,0,0,50
22:49:38.771,->,450,8,0,0,0,0,0,0,B,0
22:49:38.771,->,540,8,4,0,2A,0,0,0,35,0
22:49:38.804,->,540,8,6,0,0,0,0,0,0,0
22:49:38.838,->,550,8,10,0,0,0,0,0,0,90
22:49:38.872,->,450,8,0,0,0,0,0,0,B,0
22:49:38.904,->,540,8,4,0,2A,0,0,0,35,0
22:49:38.904,->,550,8,10,0,0,0,0,0,0,D0
22:49:38.938,->,450,8,0,0,0,0,0,0,B,0
22:49:38.970,->,550,8,10,0,0,0,0,0,0,30
22:49:39.005,->,540,8,4,0,60,0,0,0,32,0
22:49:39.005,->,550,8,10,0,0,0,0,0,0,50
22:49:39.041,->,450,8,0,0,0,0,0,0,B,0
22:49:39.072,->,550,8,10,0,0,0,0,0,0,70
22:49:39.130,->,540,8,6,0,0,0,0,0,0,0
22:49:39.130,->,550,8,10,0,0,0,0,0,0,90
22:49:39.146,->,450,8,0,0,0,0,0,0,B,0
22:49:39.170,->,540,8,2,25,6D,4,11,0,2,9D
22:49:39.202,->,540,8,6,0,0,0,0,0,0,0
22:49:39.235,->,550,8,10,0,0,0,0,0,0,D0
22:49:39.269,->,450,8,0,0,0,0,0,0,B,0
22:49:39.269,->,541,8,2,0,0,0,0,0,0,0
22:49:39.302,->,540,8,6,0,0,0,0,0,0,0
22:49:39.336,->,550,8,10,0,0,0,0,0,0,50
22:49:39.369,->,450,8,0,0,0,0,0,0,B,0
22:49:39.403,->,540,8,4,0,60,0,0,0,27,0
22:49:39.403,->,540,8,6,0,0,0,0,0,0,0
22:49:39.436,->,550,8,10,0,0,0,0,0,0,90
22:49:39.469,->,550,8,10,0,0,0,0,0,0,B0
22:49:39.501,->,540,8,4,0,60,0,0,0,26,0
22:49:39.535,->,550,8,10,0,0,0,0,0,0,D0
22:49:39.535,->,450,8,0,0,0,0,0,0,B,0
22:49:39.568,->,550,8,10,0,0,0,0,0,0,30
22:49:39.601,->,540,8,6,0,0,0,0,0,0,0
22:49:39.634,->,550,8,10,0,0,0,0,0,0,50
22:49:39.667,->,450,8,0,0,0,0,0,0,B,0
22:49:39.667,->,540,8,2,22,CC,4,11,0,2,9D
22:49:39.701,->,540,8,6,0,0,0,0,0,0,0
22:49:39.735,->,550,8,10,0,0,0,0,0,0,90
22:49:39.768,->,450,8,0,0,0,0,0,0,B,0
22:49:39.768,->,540,8,2,21,7F,4,11,0,2,9D
22:49:39.801,->,540,8,6,0,0,0,0,0,0,0
22:49:39.837,->,550,8,10,0,0,0,0,0,0,D0
22:49:39.872,->,450,8,0,0,0,0,0,0,B,0
22:49:39.872,->,540,8,4,0,60,0,0,0,1D,0
22:49:39.902,->,550,8,10,0,0,0,0,0,0,50
22:49:39.936,->,450,8,0,0,0,0,0,0,B,0
22:49:39.970,->,550,8,10,0,0,0,0,0,0,70
22:49:40.002,->,540,8,4,0,6E,0,0,0,1C,0
22:49:40.035,->,550,8,10,0,0,0,0,0,0,90
22:49:40.035,->,450,8,0,0,0,0,0,0,B,0
22:49:40.067,->,550,8,10,0,0,0,0,0,0,B0
22:49:40.100,->,540,8,6,0,0,0,0,0,0,0
22:49:40.139,->,550,8,10,0,0,0,0,0,0,D0
22:49:40.139,->,450,8,0,0,0,0,0,0,B,0
22:49:40.172,->,540,8,2,1E,DD,4,11,0,2,9E
22:49:40.203,->,540,8,6,0,0,0,0,0,0,0
22:49:40.237,->,550,8,10,0,0,0,0,0,0,50
22:49:40.270,->,450,8,0,0,0,0,0,0,B,0
22:49:40.270,->,541,8,2,0,0,0,0,0,0,0
22:49:40.303,->,540,8,6,0,0,0,0,0,0,0
22:49:40.336,->,550,8,10,0,0,0,0,0,0,90
22:49:40.370,->,450,8,0,0,0,0,0,0,B,0
22:49:40.370,->,540,8,4,0,6E,0,0,0,16,0
22:49:40.403,->,540,8,6,0,0,0,0,0,0,0
22:49:40.438,->,550,8,10,0,0,0,0,0,0,D0
22:49:40.469,->,450,8,0,0,0,0,0,0,B,0
22:49:40.503,->,540,8,4,0,6E,0,0,0,15,0
22:49:40.503,->,550,8,10,0,0,0,0,0,0,50
22:49:40.538,->,450,8,0,0,0,0,0,0,B,0
22:49:40.570,->,550,8,10,0,0,0,0,0,0,70
22:49:40.604,->,540,8,4,0,6E,0,0,0,15,0
22:49:40.636,->,550,8,10,0,0,0,0,0,0,90
22:49:40.636,->,450,8,0,0,0,0,0,0,B,0
22:49:40.669,->,550,8,10,0,0,0,0,0,0,B0
22:49:40.704,->,540,8,6,0,0,0,0,0,0,0
22:49:40.734,->,550,8,10,0,0,0,0,0,0,D0
22:49:40.768,->,450,8,0,0,0,0,0,0,B,0
22:49:40.768,->,540,8,2,1B,2A,4,11,0,2,A0
22:49:40.800,->,540,8,6,0,0,0,0,0,0,0
22:49:40.833,->,550,8,10,0,0,0,0,0,0,50
22:49:40.866,->,450,8,0,0,0,0,0,0,B,0
22:49:40.899,->,541,8,2,0,0,0,0,0,0,0
22:49:40.899,->,540,8,6,0,0,0,0,0,0,0
22:49:40.935,->,550,8,10,0,0,0,0,0,0,90
22:49:40.968,->,450,8,0,0,0,0,0,0,B,0
22:49:41.001,->,540,8,4,0,3C,0,0,0,13,0
22:49:41.001,->,540,8,6,0,0,0,0,0,0,0
22:49:41.035,->,550,8,10,0,0,0,0,0,0,D0
22:49:41.068,->,550,8,10,0,0,0,0,0,0,30
22:49:41.101,->,540,8,4,0,3C,0,0,0,12,0
22:49:41.134,->,550,8,10,0,0,0,0,0,0,50
22:49:41.134,->,450,8,0,0,0,0,0,0,B,0
22:49:41.168,->,550,8,10,0,0,0,0,0,0,70
22:49:41.201,->,540,8,6,0,0,0,0,0,0,0
22:49:41.232,->,550,8,10,0,0,0,0,0,0,90
22:49:41.265,->,450,8,0,0,0,0,0,0,B,0
22:49:41.265,->,540,8,2,18,D1,4,11,0,2,A1
22:49:41.299,->,540,8,6,0,0,0,0,0,0,0
22:49:41.332,->,550,8,10,0,0,0,0,0,0,D0
22:49:41.365,->,450,8,0,0,0,0,0,0,B,0
22:49:41.365,->,540,8,2,18,8C,4,11,0,2,A1
22:49:41.398,->,540,8,6,0,0,0,0,0,0,0
22:49:41.432,->,550,8,10,0,0,0,0,0,0,50
22:49:41.467,->,450,8,0,0,0,0,0,0,B,0
22:49:41.504,->,540,8,4,0,3C,0,0,0,11,0
22:49:41.504,->,550,8,10,0,0,0,0,0,0,90
22:49:41.538,->,450,8,0,0,0,0,0,0,B,0
22:49:41.568,->,550,8,10,0,0,0,0,0,0,B0
22:49:41.599,->,540,8,4,0,3C,0,0,0,11,0
22:49:41.634,->,550,8,10,0,0,0,0,0,0,D0
22:49:41.634,->,450,8,0,0,0,0,0,0,B,0
22:49:41.667,->,550,8,10,0,0,0,0,0,0,30
22:49:41.699,->,540,8,6,0,0,0,0,0,0,0
22:49:41.732,->,550,8,10,0,0,0,0,0,0,50
22:49:41.767,->,450,8,0,0,0,0,0,0,B,0
22:49:41.767,->,540,8,2,16,89,4,11,0,2,A2
22:49:41.800,->,540,8,6,0,0,0,0,0,0,0
22:49:41.832,->,550,8,10,0,0,0,0,0,0,90
22:49:41.865,->,450,8,0,0,0,0,0,0,B,0
22:49:41.898,->,541,8,2,0,0,0,0,0,0,0
22:49:41.898,->,540,8,6,0,0,0,0,0,0,0
22:49:41.932,->,550,8,10,0,0,0,0,0,0,D0
22:49:41.966,->,450,8,0,0,0,0,0,0,B,0
22:49:41.998,->,540,8,4,0,26,0,0,0,11,0
22:49:41.998,->,540,8,6,0,0,0,0,0,0,0
22:49:42.031,->,550,8,10,0,0,0,0,0,0,50
22:49:42.064,->,450,8,0,0,0,0,0,0,B,0
22:49:42.098,->,540,8,4,0,26,0,0,0,11,0
22:49:42.131,->,550,8,10,0,0,0,0,0,0,90
22:49:42.131,->,450,8,0,0,0,0,0,0,B,0
22:49:42.164,->,550,8,10,0,0,0,0,0,0,B0
22:49:42.198,->,540,8,4,0,26,0,0,0,11,0
22:49:42.232,->,550,8,10,0,0,0,0,0,0,D0
22:49:42.263,->,450,8,0,0,0,0,0,0,B,0
22:49:42.263,->,550,8,10,0,0,0,0,0,0,30
22:49:42.296,->,540,8,6,0,0,0,0,0,0,0
22:49:42.329,->,550,8,10,0,0,0,0,0,0,50
22:49:42.363,->,450,8,0,0,0,0,0,0,B,0
22:49:42.363,->,540,8,2,15,D1,4,11,0,2,A3
22:49:42.395,->,540,8,6,0,0,0,0,0,0,0
22:49:42.429,->,550,8,10,0,0,0,0,0,0,90
22:49:42.463,->,450,8,0,0,0,0,0,0,B,0
22:49:42.496,->,541,8,2,0,0,0,0,0,0,0
22:49:42.496,->,540,8,6,0,0,0,0,0,0,0
22:49:42.529,->,550,8,10,0,0,0,0,0,0,D0
22:49:42.563,->,450,8,0,0,0,0,0,0,B,0
22:49:42.596,->,540,8,4,0,26,0,0,0,10,0
22:49:42.629,->,540,8,6,0,0,0,0,0,0,0
22:49:42.629,->,550,8,10,0,0,0,0,0,0,50
22:49:42.663,->,550,8,10,0,0,0,0,0,0,70
22:49:42.696,->,540,8,4,0,26,0,0,0,10,0
22:49:42.729,->,550,8,10,0,0,0,0,0,0,90
22:49:42.729,->,450,8,0,0,0,0,0,0,B,0
22:49:42.762,->,550,8,10,0,0,0,0,0,0,B0
22:49:42.795,->,540,8,6,0,0,0,0,0,0,0
22:49:42.828,->,550,8,10,0,0,0,0,0,0,D0
22:49:42.862,->,450,8,0,0,0,0,0,0,B,0
22:49:42.862,->,540,8,2,15,8C,4,11,0,2,A4
22:49:42.897,->,540,8,6,0,0,0,0,0,0,0
22:49:42.931,->,550,8,10,0,0,0,0,0,0,50
22:49:42.966,->,450,8,0,0,0,0,0,0,B,0
22:49:42.966,->,540,8,2,15,63,4,11,0,2,A4
22:49:42.998,->,540,8,6,0,0,0,0,0,0,0
22:49:43.028,->,550,8,10,0,0,0,0,0,0,90
22:49:43.061,->,450,8,0,0,0,0,0,0,B,0
22:49:43.094,->,540,8,4,0,25,0,0,0,11,0
22:49:43.128,->,550,8,10,0,0,0,0,0,0,D0
22:49:43.128,->,450,8,0,0,0,0,0,0,B,0
22:49:43.161,->,550,8,10,0,0,0,0,0,0,30
22:49:43.194,->,540,8,4,0,25,0,0,0,10,0
22:49:43.228,->,550,8,10,0,0,0,0,0,0,50
22:49:43.261,->,450,8,0,0,0,0,0,0,B,0
22:49:43.261,->,550,8,10,0,0,0,0,0,0,70
22:49:43.294,->,540,8,6,0,0,0,0,0,0,0
22:49:43.327,->,550,8,10,0,0,0,0,0,0,90
22:49:43.361,->,450,8,0,0,0,0,0,0,B,0
22:49:43.361,->,540,8,2,12,A0,4,11,0,2,A5
22:49:43.397,->,541,8,2,0,0,0,0,0,0,0
22:49:43.431,->,550,8,10,0,0,0,0,0,0,D0
22:49:43.465,->,450,8,0,0,0,0,0,0,B,0
22:49:43.465,->,550,8,10,0,0,0,0,0,0,30
22:49:43.498,->,450,8,0,0,0,0,0,0,B,0
22:49:43.529,->,550,8,10,0,0,0,0,0,0,50
22:49:43.562,->,450,8,0,0,0,0,0,0,B,0
22:49:43.598,->,550,8,10,0,0,0,0,0,0,70
22:49:43.598,->,450,8,0,0,0,0,0,0,B,0
22:49:43.633,->,550,8,10,0,0,0,0,0,0,90
22:49:43.666,->,450,8,0,0,0,0,0,0,B,0
22:49:43.700,->,540,8,6,0,0,0,0,0,0,0
22:49:43.700,->,550,8,10,0,0,0,0,0,0,D0
22:49:43.730,->,540,8,2,9,88,4,1,0,2,AA
22:49:43.763,->,450,8,0,0,0,0,0,0,B,0
22:49:43.796,->,540,8,6,0,0,0,0,0,0,0
22:49:43.829,->,550,8,10,0,0,0,0,0,0,50
22:49:43.865,->,540,8,2,7,16,4,1,0,2,AA
22:49:43.865,->,540,8,4,0,0,0,0,0,3,0
22:49:43.901,->,540,8,6,0,0,0,0,0,0,0
22:49:43.932,->,550,8,10,0,0,0,0,0,0,90
22:49:43.964,->,540,8,2,6,C,4,11,0,2,AA
22:49:43.964,->,540,8,4,0,0,0,0,0,1,0
22:49:43.997,->,540,8,6,0,0,0,0,0,0,0
22:49:44.033,->,550,8,10,0,0,0,0,0,0,D0
22:49:44.069,->,540,8,2,4,66,4,11,0,2,AA
22:49:44.101,->,540,8,4,0,0,0,0,0,5,0
22:49:44.101,->,540,8,6,0,0,0,0,0,0,0
22:49:44.134,->,550,8,10,0,0,0,0,0,0,50
22:49:44.163,->,540,8,2,4,1,4,11,0,2,AA
22:49:44.198,->,540,8,6,0,0,0,0,0,0,0
22:49:44.198,->,550,8,10,0,0,0,0,0,0,90
22:49:44.235,->,540,8,2,3,74,4,11,0,2,AA
22:49:44.268,->,450,8,0,0,0,0,0,0,B,0
22:49:44.296,->,540,8,6,0,0,0,0,0,0,0
22:49:44.328,->,550,8,10,0,0,0,0,0,0,D0
22:49:44.362,->,540,8,2,2,F4,4,11,0,2,AA
22:49:44.362,->,450,8,0,0,0,0,0,0,B,0
22:49:44.395,->,540,8,6,0,0,0,0,0,0,0
22:49:44.428,->,550,8,10,0,0,0,0,0,0,50
22:49:44.462,->,540,8,2,2,F4,4,11,0,2,AA
22:49:44.462,->,540,8,4,0,0,0,0,0,B,0
22:49:44.496,->,540,8,6,0,0,0,0,0,0,0
22:49:44.529,->,550,8,10,0,0,0,0,0,0,90
22:49:44.562,->,540,8,2,2,F4,4,11,0,2,AA
22:49:44.596,->,540,8,4,0,0,0,0,0,C,0
22:49:44.596,->,540,8,6,0,0,0,0,0,0,0
22:49:44.628,->,550,8,10,0,0,0,0,0,0,D0
22:49:44.663,->,540,8,2,2,F4,4,11,0,2,AA
22:49:44.696,->,540,8,6,0,0,0,0,0,0,0
22:49:44.729,->,550,8,10,0,0,0,0,0,0,50
22:49:44.729,->,540,8,2,2,F4,4,11,0,2,AA
22:49:44.761,->,450,8,0,0,0,0,0,0,B,0
22:49:44.794,->,540,8,6,0,0,0,0,0,0,0
22:49:44.828,->,550,8,10,0,0,0,0,0,0,90
22:49:44.860,->,540,8,2,2,F4,4,11,0,2,AA
22:49:44.860,->,450,8,0,0,0,0,0,0,B,0
22:49:44.894,->,540,8,6,0,0,0,0,0,0,0
22:49:44.927,->,550,8,10,0,0,0,0,0,0,D0
22:49:44.960,->,540,8,2,0,0,4,11,0,2,AB
22:49:44.960,->,540,8,4,0,6,0,0,0,B,0
22:49:44.994,->,540,8,6,0,0,0,0,0,0,0
22:49:45.027,->,550,8,10,0,0,0,0,0,0,50
22:49:45.060,->,540,8,2,0,0,4,11,0,2,AB
22:49:45.094,->,540,8,4,0,6,0,0,0,C,0
22:49:45.094,->,540,8,6,0,0,0,0,0,0,0
22:49:45.127,->,550,8,10,0,0,0,0,0,0,90
22:49:45.160,->,540,8,2,0,0,4,11,0,2,AB
22:49:45.198,->,540,8,6,0,0,0,0,0,0,0
22:49:45.198,->,450,8,0,0,0,0,0,0,B,0
22:49:45.230,->,550,8,10,0,0,0,0,0,0,D0
22:49:45.263,->,540,8,2,0,0,4,11,0,2,AB
22:49:45.295,->,540,8,6,0,0,0,0,0,0,0
22:49:45.333,->,550,8,10,0,0,0,0,0,0,50
22:49:45.333,->,540,8,2,0,0,4,11,0,2,AB
22:49:45.365,->,450,8,0,0,0,0,0,0,B,0
22:49:45.399,->,540,8,6,0,0,0,0,0,0,0
22:49:45.431,->,550,8,10,0,0,0,0,0,0,90
22:49:45.431,->,540,8,2,0,0,4,11,0,2,AB
22:49:45.465,->,450,8,0,0,0,0,0,0,B,0
22:49:45.498,->,540,8,6,0,0,0,0,0,0,0
22:49:45.531,->,550,8,10,0,0,0,0,0,0,D0
22:49:45.564,->,540,8,2,0,0,4,11,0,2,AB
22:49:45.564,->,540,8,4,0,6,0,0,0,C,0
22:49:45.597,->,540,8,6,0,0,0,0,0,0,0
22:49:45.630,->,550,8,10,0,0,0,0,0,0,50
22:49:45.667,->,540,8,2,0,0,4,11,0,2,AC
22:49:45.667,->,540,8,4,0,6,0,0,0,C,0
22:49:45.697,->,540,8,6,0,0,0,0,0,0,0
22:49:45.733,->,550,8,10,0,0,0,0,0,0,90
22:49:45.762,->,540,8,2,0,0,4,11,0,2,AC
22:49:45.796,->,540,8,6,0,0,0,0,0,0,0
22:49:45.796,->,450,8,0,0,0,0,0,0,B,0
22:49:45.829,->,550,8,10,0,0,0,0,0,0,D0
22:49:45.862,->,540,8,2,0,0,4,11,0,2,AC
22:49:45.896,->,540,8,6,0,0,0,0,0,0,0
22:49:45.929,->,550,8,10,0,0,0,0,0,0,50
22:49:45.929,->,540,8,2,0,0,4,11,0,2,AC
22:49:45.963,->,450,8,0,0,0,0,0,0,B,0
22:49:45.996,->,540,8,6,0,0,0,0,0,0,0
22:49:46.030,->,550,8,10,0,0,0,0,0,0,90
22:49:46.030,->,540,8,2,0,0,4,11,0,2,AC
22:49:46.063,->,450,8,0,0,0,0,0,0,B,0
22:49:46.096,->,540,8,6,0,0,0,0,0,0,0
22:49:46.129,->,550,8,10,0,0,0,0,0,0,D0
22:49:46.162,->,540,8,2,0,0,4,11,0,2,AC
22:49:46.162,->,540,8,4,0,0,0,0,0,D,0
22:49:46.196,->,540,8,6,0,0,0,0,0,0,0
22:49:46.233,->,550,8,10,0,0,0,0,0,0,50
22:49:46.263,->,540,8,2,0,0,4,11,0,2,AD
22:49:46.263,->,540,8,4,0,0,0,0,0,D,0
22:49:46.296,->,540,8,6,0,0,0,0,0,0,0
22:49:46.329,->,550,8,10,0,0,0,0,0,0,90
22:49:46.361,->,540,8,2,0,0,4,11,0,2,AD
22:49:46.394,->,540,8,6,0,0,0,0,0,0,0
22:49:46.394,->,450,8,0,0,0,0,0,0,B,0
22:49:46.428,->,550,8,10,0,0,0,0,0,0,D0
22:49:46.461,->,540,8,2,0,0,4,11,0,2,AD
22:49:46.494,->,540,8,6,0,0,0,0,0,0,0
22:49:46.527,->,550,8,10,0,0,0,0,0,0,50
22:49:46.527,->,540,8,2,0,0,4,11,0,2,AD
22:49:46.560,->,450,8,0,0,0,0,0,0,B,0
22:49:46.594,->,540,8,6,0,0,0,0,0,0,0
22:49:46.626,->,550,8,10,0,0,0,0,0,0,90
22:49:46.660,->,540,8,2,0,0,4,11,0,2,AE
22:49:46.660,->,450,8,0,0,0,0,0,0,B,0
22:49:46.693,->,540,8,6,0,0,0,0,0,0,0
22:49:46.726,->,550,8,10,0,0,0,0,0,0,D0
22:49:46.763,->,540,8,2,0,0,4,11,0,2,AE
22:49:46.763,->,540,8,4,0,0,0,0,0,C,0
22:49:46.794,->,540,8,6,0,0,0,0,0,0,0
22:49:46.828,->,550,8,10,0,0,0,0,0,0,50
22:49:46.861,->,540,8,2,0,0,4,11,0,2,AE
22:49:46.894,->,540,8,4,0,0,0,0,0,D,0
22:49:46.894,->,540,8,6,0,0,0,0,0,0,0
22:49:46.928,->,550,8,10,0,0,0,0,0,0,90
22:49:46.961,->,540,8,2,0,0,4,11,0,2,AE
22:49:46.994,->,540,8,4,0,0,0,0,0,D,0
22:49:46.994,->,540,8,6,0,0,0,0,0,0,0
22:49:47.025,->,550,8,10,0,0,0,0,0,0,D0
22:49:47.059,->,540,8,2,0,0,4,11,0,2,AE
22:49:47.092,->,540,8,6,0,0,0,0,0,0,0
22:49:47.126,->,450,8,0,0,0,0,0,0,B,0
22:49:47.126,->,550,8,10,0,0,0,0,0,0,50
22:49:47.158,->,541,8,2,0,0,0,0,0,0,0
22:49:47.191,->,540,8,6,0,0,0,0,0,0,0
22:49:47.226,->,550,8,10,0,0,0,0,0,0,90
22:49:47.226,->,540,8,2,0,0,4,11,0,2,AF
22:49:47.262,->,450,8,0,0,0,0,0,0,B,0
22:49:47.301,->,540,8,6,0,0,0,0,0,0,0
22:49:47.333,->,550,8,10,0,0,0,0,0,0,D0
22:49:47.333,->,540,8,2,0,0,4,11,0,2,AF
22:49:47.365,->,450,8,0,0,0,0,0,0,B,0
22:49:47.404,->,540,8,6,0,0,0,0,0,0,0
22:49:47.434,->,550,8,10,0,0,0,0,0,0,50
22:49:47.434,->,540,8,2,0,0,4,11,0,2,AF
22:49:47.468,->,540,8,4,0,0,0,0,0,C,0
22:49:47.501,->,540,8,6,0,0,0,0,0,0,0
22:49:47.533,->,550,8,10,0,0,0,0,0,0,90
22:49:47.566,->,540,8,2,0,0,4,11,0,2,AF
22:49:47.566,->,540,8,4,0,0,0,0,0,D,0
22:49:47.599,->,540,8,6,0,0,0,0,0,0,0
22:49:47.632,->,550,8,10,0,0,0,0,0,0,D0
22:49:47.665,->,540,8,2,0,0,4,11,0,2,AF
22:49:47.700,->,540,8,6,0,0,0,0,0,0,0
22:49:47.700,->,450,8,0,0,0,0,0,0,B,0
22:49:47.739,->,550,8,10,0,0,0,0,0,0,50
22:49:47.767,->,540,8,2,0,0,4,11,0,2,B0
22:49:47.800,->,540,8,6,0,0,0,0,0,0,0
22:49:47.800,->,550,8,10,0,0,0,0,0,0,90
22:49:47.834,->,540,8,2,0,0,4,11,0,2,B0
22:49:47.865,->,450,8,0,0,0,0,0,0,B,0
22:49:47.900,->,540,8,6,0,0,0,0,0,0,0
22:49:47.933,->,550,8,10,0,0,0,0,0,0,D0
22:49:47.933,->,540,8,2,0,0,4,11,0,2,B0
22:49:47.966,->,450,8,0,0,0,0,0,0,B,0
22:49:48.000,->,540,8,6,0,0,0,0,0,0,0
22:49:48.036,->,550,8,10,0,0,0,0,0,0,50
22:49:48.036,->,540,8,2,0,0,4,11,0,2,B0
22:49:48.068,->,540,8,4,0,0,0,0,0,C,0
22:49:48.102,->,540,8,6,0,0,0,0,0,0,0
22:49:48.134,->,550,8,10,0,0,0,0,0,0,90
22:49:48.167,->,540,8,2,0,0,4,11,0,2,B0
22:49:48.167,->,540,8,4,0,0,0,0,0,C,0
22:49:48.199,->,540,8,6,0,0,0,0,0,0,0
22:49:48.232,->,550,8,10,0,0,0,0,0,0,D0
22:49:48.265,->,540,8,2,0,0,4,11,0,2,B0
22:49:48.299,->,540,8,6,0,0,0,0,0,0,0
22:49:48.299,->,450,8,0,0,0,0,0,0,B,0
22:49:48.332,->,550,8,10,0,0,0,0,0,0,50
22:49:48.365,->,540,8,2,0,0,4,11,0,2,B0
22:49:48.398,->,540,8,6,0,0,0,0,0,0,0
22:49:48.398,->,550,8,10,0,0,0,0,0,0,90
22:49:48.438,->,540,8,2,0,0,4,11,0,2,B0
22:49:48.469,->,450,8,0,0,0,0,0,0,B,0
22:49:48.501,->,540,8,6,0,0,0,0,0,0,0
22:49:48.501,->,550,8,10,0,0,0,0,0,0,D0
22:49:48.533,->,540,8,2,0,0,4,11,0,2,B0
22:49:48.565,->,450,8,0,0,0,0,0,0,B,0
22:49:48.599,->,540,8,6,0,0,0,0,0,0,0
22:49:48.632,->,550,8,10,0,0,0,0,0,0,50
22:49:48.632,->,540,8,2,0,0,4,11,0,2,B1
22:49:48.665,->,540,8,4,0,0,0,0,0,C,0
22:49:48.699,->,540,8,6,0,0,0,0,0,0,0
22:49:48.730,->,550,8,10,0,0,0,0,0,0,90
22:49:48.765,->,540,8,2,0,0,4,11,0,2,B1
22:49:48.765,->,540,8,4,0,0,0,0,0,C,0
22:49:48.797,->,540,8,6,0,0,0,0,0,0,0
22:49:48.830,->,550,8,10,0,0,0,0,0,0,D0
22:49:48.865,->,540,8,2,0,0,4,11,0,2,B1
22:49:48.898,->,540,8,4,0,0,0,0,0,C,0
22:49:48.898,->,540,8,6,0,0,0,0,0,0,0
22:49:48.929,->,550,8,10,0,0,0,0,0,0,50
22:49:48.964,->,540,8,2,0,0,4,11,0,2,B1
22:49:48.999,->,540,8,6,0,0,0,0,0,0,0
22:49:48.999,->,450,8,0,0,0,0,0,0,B,0
22:49:49.029,->,550,8,10,0,0,0,0,0,0,90
22:49:49.063,->,540,8,2,0,0,4,11,0,2,B1
22:49:49.099,->,540,8,6,0,0,0,0,0,0,0
22:49:49.099,->,550,8,10,0,0,0,0,0,0,D0
22:49:49.132,->,540,8,2,0,0,4,11,0,2,B1
22:49:49.163,->,450,8,0,0,0,0,0,0,B,0
22:49:49.197,->,540,8,6,0,0,0,0,0,0,0
22:49:49.229,->,550,8,10,0,0,0,0,0,0,50
22:49:49.229,->,540,8,2,0,0,4,11,0,2,B1
22:49:49.262,->,540,8,4,0,0,0,0,0,C,0
22:49:49.299,->,540,8,6,0,0,0,0,0,0,0
22:49:49.328,->,550,8,10,0,0,0,0,0,0,90
22:49:49.363,->,540,8,2,0,0,4,11,0,2,B1
22:49:49.363,->,540,8,4,0,0,0,0,0,C,0
22:49:49.397,->,540,8,6,0,0,0,0,0,0,0
22:49:49.430,->,550,8,10,0,0,0,0,0,0,D0
22:49:49.460,->,540,8,2,0,0,4,11,0,2,B1
22:49:49.493,->,540,8,4,0,0,0,0,0,C,0
22:49:49.493,->,540,8,6,0,0,0,0,0,0,0
22:49:49.526,->,550,8,10,0,0,0,0,0,0,50
22:49:49.559,->,540,8,2,0,0,4,11,0,2,B1
22:49:49.592,->,540,8,6,0,0,0,0,0,0,0
22:49:49.630,->,450,8,0,0,0,0,0,0,B,0
22:49:49.630,->,550,8,10,0,0,0,0,0,0,90
22:49:49.663,->,540,8,2,0,0,4,11,0,2,B1
22:49:49.694,->,540,8,6,0,0,0,0,0,0,0
22:49:49.728,->,550,8,10,0,0,0,0,0,0,D0
22:49:49.728,->,540,8,2,0,0,4,11,0,2,B1
22:49:49.759,->,450,8,0,0,0,0,0,0,B,0
22:49:49.793,->,540,8,6,0,0,0,0,0,0,0
22:49:49.825,->,550,8,10,0,0,0,0,0,0,50
22:49:49.859,->,540,8,2,0,0,4,11,0,2,B2
22:49:49.859,->,450,8,0,0,0,0,0,0,B,0
22:49:49.894,->,540,8,6,0,0,0,0,0,0,0
22:49:49.929,->,550,8,10,0,0,0,0,0,0,90
22:49:49.965,->,540,8,2,0,0,4,11,0,2,B2
22:49:49.965,->,540,8,4,0,0,0,0,0,C,0
22:49:49.998,->,540,8,6,0,0,0,0,0,0,0
22:49:50.029,->,550,8,10,0,0,0,0,0,0,D0
22:49:50.063,->,540,8,2,0,0,4,11,0,2,B2
22:49:50.095,->,540,8,4,0,0,0,0,0,D,0
22:49:50.095,->,540,8,6,0,0,0,0,0,0,0
22:49:50.128,->,550,8,10,0,0,0,0,0,0,50
22:49:50.161,->,540,8,2,0,0,4,11,0,2,B2
22:49:50.195,->,540,8,6,0,0,0,0,0,0,0
22:49:50.228,->,450,8,0,0,0,0,0,0,B,0
22:49:50.228,->,550,8,10,0,0,0,0,0,0,90
22:49:50.262,->,540,8,2,0,0,4,11,0,2,B2
22:49:50.294,->,540,8,6,0,0,0,0,0,0,0
22:49:50.327,->,550,8,10,0,0,0,0,0,0,D0
22:49:50.327,->,540,8,2,0,0,4,11,0,2,B2
22:49:50.363,->,450,8,0,0,0,0,0,0,B,0
22:49:50.395,->,540,8,6,0,0,0,0,0,0,0
22:49:50.429,->,550,8,10,0,0,0,0,0,0,50
22:49:50.429,->,540,8,2,0,0,4,11,0,2,B2
22:49:50.463,->,450,8,0,0,0,0,0,0,B,0
22:49:50.496,->,540,8,6,0,0,0,0,0,0,0
22:49:50.528,->,550,8,10,0,0,0,0,0,0,90
22:49:50.560,->,540,8,2,0,0,4,11,0,2,B2
22:49:50.560,->,540,8,4,0,0,0,0,0,C,0
22:49:50.593,->,540,8,6,0,0,0,0,0,0,0
22:49:50.626,->,550,8,10,0,0,0,0,0,0,D0
22:49:50.660,->,540,8,2,0,0,4,11,0,2,B2
22:49:50.694,->,540,8,4,0,0,0,0,0,C,0
22:49:50.694,->,540,8,6,0,0,0,0,0,0,0
22:49:50.726,->,550,8,10,0,0,0,0,0,0,50
22:49:50.759,->,540,8,2,0,0,4,11,0,2,B2
22:49:50.794,->,540,8,6,0,0,0,0,0,0,0
22:49:50.825,->,450,8,0,0,0,0,0,0,B,0
22:49:50.825,->,550,8,10,0,0,0,0,0,0,90
22:49:50.858,->,540,8,2,0,0,4,11,0,2,B3
22:49:50.892,->,540,8,6,0,0,0,0,0,0,0
22:49:50.925,->,550,8,10,0,0,0,0,0,0,D0
22:49:50.957,->,540,8,2,0,0,4,11,0,2,B3
22:49:50.957,->,450,8,0,0,0,0,0,0,B,0
22:49:50.991,->,540,8,6,0,0,0,0,0,0,0
22:49:51.024,->,550,8,10,0,0,0,0,0,0,50
22:49:51.057,->,540,8,2,0,0,4,11,0,2,B3
22:49:51.057,->,450,8,0,0,0,0,0,0,B,0
22:49:51.091,->,540,8,6,0,0,0,0,0,0,0
22:49:51.124,->,550,8,10,0,0,0,0,0,0,90
22:49:51.157,->,540,8,2,0,0,4,11,0,2,B3
22:49:51.191,->,540,8,4,0,0,0,0,0,C,0
22:49:51.191,->,540,8,6,0,0,0,0,0,0,0
22:49:51.229,->,550,8,10,0,0,0,0,0,0,D0
22:49:51.261,->,540,8,2,0,0,4,11,0,2,B3
22:49:51.294,->,540,8,4,0,0,0,0,0,C,0
22:49:51.294,->,540,8,6,0,0,0,0,0,0,0
22:49:51.328,->,550,8,10,0,0,0,0,0,0,50
22:49:51.360,->,540,8,2,0,0,4,11,0,2,B3
22:49:51.394,->,540,8,6,0,0,0,0,0,0,0
22:49:51.394,->,450,8,0,0,0,0,0,0,B,0
22:49:51.429,->,550,8,10,0,0,0,0,0,0,90
22:49:51.461,->,540,8,2,0,0,4,11,0,2,B3
22:49:51.495,->,540,8,6,0,0,0,0,0,0,0
22:49:51.530,->,550,8,10,0,0,0,0,0,0,D0
22:49:51.530,->,540,8,2,0,0,4,11,0,2,B3
22:49:51.559,->,450,8,0,0,0,0,0,0,B,0
22:49:51.593,->,540,8,6,0,0,0,0,0,0,0
22:49:51.628,->,550,8,10,0,0,0,0,0,0,50
22:49:51.660,->,540,8,2,0,0,4,11,0,2,B3
22:49:51.660,->,450,8,0,0,0,0,0,0,B,0
22:49:51.717,->,540,8,6,0,0,0,0,0,0,0
22:49:51.717,->,550,8,10,0,0,0,0,0,0,90
22:49:51.757,->,540,8,2,0,0,4,11,0,2,B3
22:49:51.791,->,540,8,4,0,0,0,0,0,C,0
22:49:51.791,->,540,8,6,0,0,0,0,0,0,0
22:49:51.824,->,550,8,10,0,0,0,0,0,0,D0
22:49:51.857,->,540,8,2,0,0,4,11,0,2,B3
22:49:51.890,->,540,8,4,0,0,0,0,0,C,0
22:49:51.890,->,540,8,6,0,0,0,0,0,0,0
22:49:51.924,->,550,8,10,0,0,0,0,0,0,50
22:49:51.957,->,540,8,2,0,0,4,11,0,2,B3
22:49:51.994,->,540,8,4,0,0,0,0,0,D,0
22:49:51.994,->,540,8,6,0,0,0,0,0,0,0
22:49:52.028,->,550,8,10,0,0,0,0,0,0,90
22:49:52.061,->,540,8,2,0,0,4,11,0,2,B3
22:49:52.094,->,540,8,6,0,0,0,0,0,0,0
22:49:52.129,->,450,8,0,0,0,0,0,0,B,0
22:49:52.129,->,550,8,10,0,0,0,0,0,0,D0
22:49:52.159,->,541,8,2,0,0,0,0,0,0,5
22:49:52.191,->,540,8,6,0,0,0,0,0,0,0
22:49:52.223,->,550,8,10,0,0,0,0,0,0,50
22:49:52.223,->,540,8,2,0,0,4,11,0,2,B3
22:49:52.256,->,450,8,0,0,0,0,0,0,B,0
22:49:52.290,->,540,8,6,0,0,0,0,0,0,0
22:49:52.326,->,550,8,10,0,0,0,0,0,0,90
22:49:52.360,->,540,8,2,0,0,4,11,0,2,B3
22:49:52.360,->,450,8,0,0,0,0,0,0,B,0
22:49:52.394,->,540,8,6,0,0,0,0,0,0,0
22:49:52.427,->,550,8,10,0,0,0,0,0,0,D0
22:49:52.458,->,540,8,2,0,0,4,11,0,2,B4
22:49:52.494,->,540,8,4,0,0,0,0,0,C,0
22:49:52.494,->,540,8,6,0,0,0,0,0,0,0
22:49:52.526,->,550,8,10,0,0,0,0,0,0,50
22:49:52.558,->,540,8,2,0,0,4,11,0,2,B4
22:49:52.591,->,540,8,4,0,0,0,0,0,C,0
22:49:52.591,->,540,8,6,0,0,0,0,0,0,0
22:49:52.625,->,550,8,10,0,0,0,0,0,0,90
22:49:52.657,->,540,8,2,0,0,4,11,0,2,B4
22:49:52.692,->,540,8,6,0,0,0,0,0,0,0
22:49:52.723,->,450,8,0,0,0,0,0,0,B,0
22:49:52.723,->,550,8,10,0,0,0,0,0,0,D0
22:49:52.756,->,540,8,2,0,0,4,11,0,2,B4
22:49:52.791,->,540,8,6,0,0,0,0,0,0,0
22:49:52.823,->,550,8,10,0,0,0,0,0,0,50
22:49:52.856,->,540,8,2,0,0,4,11,0,2,B4
22:49:52.856,->,450,8,0,0,0,0,0,0,B,0
22:49:52.888,->,540,8,6,0,0,0,0,0,0,0
22:49:52.923,->,550,8,10,0,0,0,0,0,0,90
22:49:52.955,->,540,8,2,0,0,4,11,0,2,B4
22:49:52.989,->,450,8,0,0,0,0,0,0,B,0
22:49:52.989,->,540,8,6,0,0,0,0,0,0,0
22:49:53.022,->,550,8,10,0,0,0,0,0,0,D0
22:49:53.055,->,540,8,2,0,0,4,11,0,2,B5
22:49:53.088,->,540,8,4,0,0,0,0,0,D,0
22:49:53.088,->,540,8,6,0,0,0,0,0,0,0
22:49:53.122,->,550,8,10,0,0,0,0,0,0,50
22:49:53.155,->,540,8,2,0,0,4,11,0,2,B5
22:49:53.188,->,540,8,4,0,0,0,0,0,D,0
22:49:53.221,->,540,8,6,0,0,0,0,0,0,0
22:49:53.221,->,550,8,10,0,0,0,0,0,0,90
22:49:53.254,->,540,8,2,0,0,4,11,0,2,B5
22:49:53.288,->,540,8,4,0,0,0,0,0,C,0
22:49:53.321,->,540,8,6,0,0,0,0,0,0,0
22:49:53.321,->,550,8,10,0,0,0,0,0,0,D0
22:49:53.354,->,540,8,2,0,0,4,11,0,2,B5
22:49:53.388,->,540,8,6,0,0,0,0,0,0,0
22:49:53.421,->,550,8,10,0,0,0,0,0,0,50
22:49:53.453,->,540,8,2,0,0,4,11,0,2,B5
22:49:53.453,->,550,8,10,0,0,0,0,0,0,70
22:49:53.486,->,540,8,6,0,0,0,0,0,0,0
22:49:53.519,->,550,8,10,0,0,0,0,0,0,90
22:49:53.554,->,540,8,2,0,0,4,11,0,2,B5
22:49:53.586,->,550,8,10,0,0,0,0,0,0,B0
22:49:53.586,->,540,8,6,0,0,0,0,0,0,0
22:49:53.621,->,550,8,10,0,0,0,0,0,0,D0
22:49:53.655,->,540,8,2,0,0,4,11,0,2,B5
22:49:53.688,->,541,8,2,0,0,0,0,0,0,7
22:49:53.721,->,540,8,6,0,0,0,0,0,0,0
22:49:53.721,->,550,8,10,0,0,0,0,0,0,50
22:49:53.754,->,540,8,2,0,0,4,11,0,2,B5
22:49:53.788,->,541,8,2,0,0,0,0,0,0,7
22:49:53.821,->,540,8,6,0,0,0,0,0,0,0
22:49:53.821,->,550,8,10,0,0,0,0,0,0,90
22:49:53.854,->,540,8,2,0,0,4,11,0,2,B5
22:49:53.888,->,540,8,6,0,0,0,0,0,0,0
22:49:53.921,->,450,8,0,0,0,0,0,0,B,0
22:49:53.953,->,550,8,10,0,0,0,0,0,0,D0
22:49:53.953,->,540,8,2,0,0,4,11,0,2,B5
22:49:53.991,->,540,8,6,0,0,0,0,0,0,0
22:49:54.023,->,550,8,10,0,0,0,0,0,0,50
22:49:54.055,->,540,8,2,0,0,4,11,0,2,B6
22:49:54.055,->,550,8,10,0,0,0,0,0,0,70
22:49:54.088,->,540,8,6,0,0,0,0,0,0,0
22:49:54.121,->,550,8,10,0,0,0,0,0,0,90
22:49:54.157,->,540,8,2,0,0,4,11,0,2,B6
22:49:54.190,->,541,8,2,0,0,0,0,0,0,7
22:49:54.190,->,540,8,6,0,0,0,0,0,0,0
22:49:54.223,->,550,8,10,0,0,0,0,0,0,D0
22:49:54.257,->,540,8,2,0,0,4,11,0,2,B6
22:49:54.291,->,541,8,2,0,0,0,0,0,0,7
22:49:54.291,->,540,8,6,0,0,0,0,0,0,0
22:49:54.325,->,550,8,10,0,0,0,0,0,0,50
22:49:54.357,->,540,8,2,0,0,4,11,0,2,B6
22:49:54.389,->,540,8,6,0,0,0,0,0,0,0
22:49:54.422,->,450,8,0,0,0,0,0,0,B,0
22:49:54.422,->,550,8,10,0,0,0,0,0,0,90
22:49:54.456,->,540,8,2,0,0,4,11,0,2,B6
22:49:54.488,->,540,8,6,0,0,0,0,0,0,0
22:49:54.522,->,550,8,10,0,0,0,0,0,0,D0
22:49:54.555,->,540,8,2,0,0,4,11,0,2,B6
22:49:54.555,->,550,8,10,0,0,0,0,0,0,30
22:49:54.588,->,540,8,6,0,0,0,0,0,0,0
22:49:54.621,->,550,8,10,0,0,0,0,0,0,50
22:49:54.654,->,540,8,2,0,0,4,11,0,2,B6
22:49:54.687,->,550,8,10,0,0,0,0,0,0,70
22:49:54.687,->,540,8,6,0,0,0,0,0,0,0
22:49:54.721,->,550,8,10,0,0,0,0,0,0,90
22:49:54.754,->,540,8,2,0,0,4,11,0,2,B6
22:49:54.787,->,541,8,2,0,0,0,0,0,0,8
22:49:54.820,->,540,8,6,0,0,0,0,0,0,0
22:49:54.820,->,550,8,10,0,0,0,0,0,0,D0
22:49:54.853,->,540,8,2,0,0,4,11,0,2,B6
22:49:54.887,->,541,8,2,0,0,0,0,0,0,8
22:49:54.922,->,540,8,6,0,0,0,0,0,0,0
22:49:54.922,->,550,8,10,0,0,0,0,0,0,50
22:49:54.953,->,540,8,2,0,0,4,11,0,2,B6
22:49:54.986,->,540,8,6,0,0,0,0,0,0,0
22:49:55.019,->,550,8,10,0,0,0,0,0,0,90
22:49:55.054,->,540,8,2,0,0,4,11,0,2,B6
22:49:55.054,->,550,8,10,0,0,0,0,0,0,B0
22:49:55.088,->,540,8,6,0,0,0,0,0,0,0
22:49:55.124,->,550,8,10,0,0,0,0,0,0,D0
22:49:55.157,->,540,8,2,0,0,4,11,0,2,B7
22:49:55.157,->,550,8,10,0,0,0,0,0,0,30
22:49:55.188,->,540,8,6,0,0,0,0,0,0,0
22:49:55.224,->,550,8,10,0,0,0,0,0,0,50
22:49:55.254,->,540,8,2,0,0,4,11,0,2,B7
22:49:55.286,->,541,8,2,0,0,0,0,0,0,8
22:49:55.318,->,540,8,6,0,0,0,0,0,0,0
22:49:55.318,->,550,8,10,0,0,0,0,0,0,90
22:49:55.355,->,540,8,2,0,0,4,11,0,2,B7
22:49:55.388,->,541,8,2,0,0,0,0,0,0,8
22:49:55.420,->,540,8,6,0,0,0,0,0,0,0
22:49:55.420,->,550,8,10,0,0,0,0,0,0,D0
22:49:55.453,->,540,8,2,0,0,4,11,0,2,B7
22:49:55.487,->,540,8,6,0,0,0,0,0,0,0
22:49:55.519,->,450,8,0,0,0,0,0,0,B,0
22:49:55.557,->,550,8,10,0,0,0,0,0,0,50
22:49:55.557,->,540,8,2,0,0,4,11,0,2,B7
22:49:55.583,->,540,8,6,0,0,0,0,0,0,0
22:49:55.616,->,550,8,10,0,0,0,0,0,0,90
22:49:55.653,->,540,8,2,0,0,4,11,0,2,B7
22:49:55.688,->,550,8,10,0,0,0,0,0,0,B0
22:49:55.688,->,540,8,6,0,0,0,0,0,0,0
22:49:55.724,->,550,8,10,0,0,0,0,0,0,D0
22:49:55.752,->,540,8,2,0,0,4,11,0,2,B7
22:49:55.783,->,541,8,2,0,0,0,0,0,0,9
22:49:55.816,->,540,8,6,0,0,0,0,0,0,0
22:49:55.816,->,550,8,10,0,0,0,0,0,0,50
22:49:55.850,->,540,8,2,0,0,4,11,0,2,B7
22:49:55.882,->,540,8,4,0,0,0,0,0,0,0
22:49:55.918,->,540,8,6,0,0,0,0,0,0,0
22:49:55.918,->,550,8,10,0,0,0,0,0,0,90
22:49:55.952,->,540,8,2,0,0,4,11,0,2,B7
22:49:55.986,->,540,8,6,0,0,0,0,0,0,0
22:49:56.020,->,450,8,0,0,0,0,0,0,B,0
22:49:56.020,->,550,8,10,0,0,0,0,0,0,D0
22:49:56.053,->,540,8,2,0,0,4,11,0,2,B8
22:49:56.083,->,540,8,6,0,0,0,0,0,0,0
22:49:56.115,->,550,8,10,0,0,0,0,0,0,50
22:49:56.148,->,540,8,2,0,0,4,11,0,2,B8
22:49:56.183,->,550,8,10,0,0,0,0,0,0,70
22:49:56.183,->,540,8,6,0,0,0,0,0,0,0
22:49:56.217,->,550,8,10,0,0,0,0,0,0,90
22:49:56.250,->,540,8,2,0,0,4,11,0,2,B8
22:49:56.285,->,550,8,10,0,0,0,0,0,0,B0
22:49:56.316,->,540,8,6,0,0,0,0,0,0,0
22:49:56.316,->,550,8,10,0,0,0,0,0,0,D0
22:49:56.350,->,540,8,2,0,0,4,11,0,2,B8
22:49:56.383,->,540,8,4,0,0,0,0,0,0,0
22:49:56.417,->,540,8,6,0,0,0,0,0,0,0
22:49:56.417,->,550,8,10,0,0,0,0,0,0,50
22:49:56.450,->,540,8,2,0,0,4,11,0,2,B8
22:49:56.484,->,540,8,4,0,0,0,0,0,0,0
22:49:56.518,->,540,8,6,0,0,0,0,0,0,0
22:49:56.549,->,550,8,10,0,0,0,0,0,0,90
22:49:56.549,->,540,8,2,0,0,4,11,0,2,B8
22:49:56.582,->,540,8,6,0,0,0,0,0,0,0
22:49:56.615,->,550,8,10,0,0,0,0,0,0,D0
22:49:56.648,->,540,8,2,0,0,3,11,0,2,B8
22:49:56.681,->,450,8,0,0,0,0,0,0,B,0
22:49:56.681,->,540,8,6,0,0,0,0,0,0,0
22:49:56.714,->,550,8,10,0,0,0,0,0,0,50
22:49:56.748,->,540,8,2,0,0,3,11,0,2,B9
22:49:56.782,->,450,8,0,0,0,0,0,0,B,0
22:49:56.782,->,540,8,6,0,0,0,0,0,0,0
22:49:56.815,->,550,8,10,0,0,0,0,0,0,90
22:49:56.850,->,540,8,2,0,0,3,11,0,2,B9
22:49:56.882,->,540,8,4,0,0,0,0,0,0,0
22:49:56.915,->,540,8,6,0,0,0,0,0,0,0
22:49:56.915,->,550,8,10,0,0,0,0,0,0,D0
22:49:56.948,->,540,8,2,0,0,3,11,0,2,B9
22:49:56.982,->,540,8,4,0,0,0,0,0,0,0
22:49:57.018,->,540,8,6,0,0,0,0,0,0,0
22:49:57.018,->,550,8,10,0,0,0,0,0,0,50
22:49:57.052,->,540,8,2,0,0,3,11,0,2,B9
22:49:57.086,->,540,8,4,0,0,0,0,0,0,0
22:49:57.118,->,540,8,6,0,0,0,0,0,0,0
22:49:57.118,->,550,8,10,0,0,0,0,0,0,90
22:49:57.150,->,540,8,2,0,0,3,11,0,2,B9
22:49:57.185,->,540,8,6,0,0,0,0,0,0,0
22:49:57.217,->,450,8,0,0,0,0,0,0,B,0
22:49:57.250,->,550,8,10,0,0,0,0,0,0,D0
22:49:57.250,->,540,8,2,0,0,3,11,0,2,BA
22:49:57.284,->,540,8,6,0,0,0,0,0,0,0
22:49:57.316,->,550,8,10,0,0,0,0,0,0,50
22:49:57.351,->,540,8,2,0,0,3,11,0,2,BA
22:49:57.385,->,450,8,0,0,0,0,0,0,B,0
22:49:57.385,->,540,8,6,0,0,0,0,0,0,0
22:49:57.416,->,550,8,10,0,0,0,0,0,0,90
22:49:57.450,->,540,8,2,0,0,3,11,0,2,BA
22:49:57.487,->,541,8,2,0,0,0,0,0,0,A
22:49:57.487,->,540,8,6,0,0,0,0,0,0,0
22:49:57.523,->,550,8,10,0,0,0,0,0,0,D0
22:49:57.548,->,540,8,2,0,0,2,11,0,2,BA
22:49:57.581,->,540,8,4,0,0,0,0,0,0,0
22:49:57.620,->,540,8,6,0,0,0,0,0,0,0
22:49:57.620,->,550,8,10,0,0,0,0,0,0,50
22:49:57.653,->,540,8,2,0,0,2,11,0,2,BB
22:49:57.686,->,540,8,4,0,0,0,0,0,0,0
22:49:57.716,->,540,8,6,0,0,0,0,0,0,0
22:49:57.716,->,550,8,10,0,0,0,0,0,0,90
22:49:57.752,->,540,8,2,0,0,2,11,0,2,BB
22:49:57.786,->,540,8,6,0,0,0,0,0,0,0
22:49:57.818,->,450,8,0,0,0,0,0,0,B,0
22:49:57.851,->,550,8,10,0,0,0,0,0,0,D0
22:49:57.851,->,540,8,2,0,0,2,11,0,2,BB
22:49:57.883,->,540,8,6,0,0,0,0,0,0,0
22:49:57.914,->,550,8,10,0,0,0,0,0,0,50
22:49:57.948,->,540,8,2,0,0,2,11,0,2,BB
22:49:57.981,->,450,8,0,0,0,0,0,0,B,0
22:49:57.981,->,540,8,6,0,0,0,0,0,0,0
22:49:58.017,->,550,8,10,0,0,0,0,0,0,90
22:49:58.066,->,540,8,2,0,0,2,11,0,2,BB
22:49:58.066,->,450,8,0,0,0,0,0,0,B,0
22:49:58.116,->,540,8,6,0,0,0,0,0,0,0
22:49:58.116,->,550,8,10,0,0,0,0,0,0,D0
22:49:58.149,->,540,8,2,0,0,2,11,0,2,BC
22:49:58.182,->,540,8,4,0,0,0,0,0,0,0
22:49:58.214,->,540,8,6,0,0,0,0,0,0,0
22:49:58.214,->,550,8,10,0,0,0,0,0,0,50
22:49:58.247,->,540,8,2,0,0,2,11,0,2,BC
22:49:58.285,->,540,8,4,0,0,0,0,0,0,0
22:49:58.317,->,540,8,6,0,0,0,0,0,0,0
22:49:58.317,->,550,8,10,0,0,0,0,0,0,90
22:49:58.349,->,540,8,2,0,0,2,11,0,2,BC
22:49:58.380,->,540,8,6,0,0,0,0,0,0,0
22:49:58.413,->,450,8,0,0,0,0,0,0,B,0
22:49:58.446,->,550,8,10,0,0,0,0,0,0,D0
22:49:58.446,->,540,8,2,0,0,1,11,0,2,BD
22:49:58.482,->,540,8,6,0,0,0,0,0,0,0
22:49:58.515,->,550,8,10,0,0,0,0,0,0,50
22:49:58.548,->,540,8,2,0,0,1,11,0,2,BD
22:49:58.582,->,450,8,0,0,0,0,0,0,B,0
22:49:58.582,->,540,8,6,0,0,0,0,0,0,0
22:49:58.618,->,550,8,10,0,0,0,0,0,0,90
22:49:58.647,->,540,8,2,0,0,0,11,0,2,BD
22:49:58.680,->,450,8,0,0,0,0,0,0,B,0
22:49:58.714,->,540,8,6,0,0,0,0,0,0,0
22:49:58.714,->,550,8,10,0,0,0,0,0,0,D0
22:49:58.747,->,540,8,2,0,0,0,11,0,2,BD
22:49:58.781,->,540,8,4,0,0,0,0,0,0,0
22:49:58.820,->,540,8,6,0,0,0,0,0,0,0
22:49:58.820,->,550,8,10,0,0,0,0,0,0,50
22:49:58.847,->,540,8,2,0,0,0,11,0,2,BE
22:49:58.882,->,540,8,4,0,0,0,0,0,0,0
22:49:58.914,->,540,8,6,0,0,0,0,0,0,0
22:49:58.947,->,550,8,10,0,0,0,0,0,0,90
22:49:58.947,->,540,8,2,0,0,0,11,0,2,BE
22:49:58.980,->,540,8,6,0,0,0,0,0,0,0
22:49:59.013,->,450,8,0,0,0,0,0,0,B,0
22:49:59.047,->,550,8,10,0,0,0,0,0,0,D0
22:49:59.047,->,540,8,2,0,0,0,11,0,2,BE
22:49:59.080,->,540,8,6,0,0,0,0,0,0,0
22:49:59.113,->,550,8,10,0,0,0,0,0,0,50
22:49:59.146,->,540,8,2,0,0,0,11,0,2,BF
22:49:59.179,->,450,8,0,0,0,0,0,0,B,0
22:49:59.179,->,540,8,6,0,0,0,0,0,0,0
22:49:59.214,->,550,8,10,0,0,0,0,0,0,90
22:49:59.248,->,450,8,0,0,0,0,0,0,B,0
22:49:59.280,->,550,8,10,0,0,0,0,0,0,B0
22:49:59.316,->,540,8,6,0,0,0,0,0,0,0
22:49:59.316,->,550,8,10,0,0,0,0,0,0,D0
22:49:59.349,->,450,8,0,0,0,0,0,0,B,0
22:49:59.382,->,540,8,4,0,0,0,0,0,0,0
22:49:59.415,->,540,8,6,0,0,0,0,0,0,0
22:49:59.415,->,550,8,10,0,0,0,0,0,0,50
22:49:59.449,->,450,8,0,0,0,0,0,0,B,0
22:49:59.481,->,540,8,4,0,0,0,0,0,0,0
22:49:59.514,->,540,8,6,0,0,0,0,0,0,0
22:49:59.514,->,550,8,10,0,0,0,0,0,0,90
22:49:59.547,->,450,8,0,0,0,0,0,0,B,0
22:49:59.582,->,540,8,4,0,0,0,0,0,0,0
22:49:59.613,->,540,8,6,0,0,0,0,0,0,0
22:49:59.613,->,550,8,10,0,0,0,0,0,0,D0
22:49:59.647,->,450,8,0,0,0,0,0,0,B,0
22:49:59.680,->,540,8,4,0,0,0,0,0,0,0
22:49:59.714,->,540,8,6,0,0,0,0,0,0,0
22:49:59.747,->,550,8,10,0,0,0,0,0,0,50
22:49:59.747,->,450,8,0,0,0,0,0,0,B,0
22:49:59.784,->,540,8,4,0,0,0,0,0,0,0
22:49:59.819,->,540,8,6,0,0,0,0,0,0,0
22:49:59.819,->,550,8,10,0,0,0,0,0,0,90
22:49:59.852,->,450,8,0,0,0,0,0,0,B,0
22:49:59.881,->,540,8,6,0,0,0,0,0,0,0
22:49:59.914,->,450,8,0,0,0,0,0,0,B,0
22:49:59.948,->,550,8,10,0,0,0,0,0,0,D0
22:49:59.948,->,450,8,0,0,0,0,0,0,B,0
22:49:59.983,->,540,8,6,0,0,0,0,0,0,0
22:50:00.015,->,450,8,0,0,0,0,0,0,B,0
22:50:00.047,->,550,8,10,0,0,0,0,0,0,50
22:50:00.080,->,450,8,0,0,0,0,0,0,B,0
22:50:00.080,->,540,8,6,0,0,0,0,0,0,0
22:50:00.116,->,550,8,10,0,0,0,0,0,0,90
22:50:00.152,->,450,8,0,0,0,0,0,0,B,0
22:50:00.152,->,550,8,10,0,0,0,0,0,0,B0
22:50:00.180,->,540,8,6,0,0,0,0,0,0,0
22:50:00.214,->,550,8,10,0,0,0,0,0,0,D0
22:50:00.245,->,450,8,0,0,0,0,0,0,B,0
22:50:00.279,->,550,8,10,0,0,0,0,0,0,30
22:50:00.312,->,540,8,6,0,0,0,0,0,0,0
22:50:00.312,->,550,8,10,0,0,0,0,0,0,50
22:50:00.345,->,450,8,0,0,0,0,0,0,B,0
22:50:00.382,->,540,8,4,0,0,0,0,0,0,0
22:50:00.382,->,540,8,6,0,0,0,0,0,0,0
22:50:00.413,->,550,8,10,0,0,0,0,0,0,90
22:50:00.450,->,450,8,0,0,0,0,0,0,B,0
22:50:00.482,->,540,8,4,0,0,0,0,0,0,0
22:50:00.512,->,540,8,6,0,0,0,0,0,0,0
22:50:00.512,->,550,8,10,0,0,0,0,0,0,D0
22:50:00.545,->,450,8,0,0,0,0,0,0,B,0
22:50:00.579,->,540,8,4,0,0,0,0,0,0,0
22:50:00.612,->,540,8,6,0,0,0,0,0,0,0
22:50:00.612,->,550,8,10,0,0,0,0,0,0,50
22:50:00.645,->,450,8,0,0,0,0,0,0,B,0
22:50:00.680,->,540,8,4,0,0,0,0,0,0,0
22:50:00.713,->,540,8,6,0,0,0,0,0,0,0
22:50:00.745,->,550,8,10,0,0,0,0,0,0,90
22:50:00.745,->,450,8,0,0,0,0,0,0,B,0
22:50:00.778,->,540,8,4,0,0,0,0,0,0,0
22:50:00.812,->,540,8,6,0,0,0,0,0,0,0
22:50:00.845,->,550,8,10,0,0,0,0,0,0,D0
22:50:00.845,->,450,8,0,0,0,0,0,0,B,0
22:50:00.878,->,540,8,6,0,0,0,0,0,0,0
22:50:00.912,->,450,8,0,0,0,0,0,0,B,0
22:50:00.946,->,550,8,10,0,0,0,0,0,0,50
22:50:00.946,->,450,8,0,0,0,0,0,0,B,0
22:50:00.981,->,540,8,6,0,0,0,0,0,0,0
22:50:01.016,->,450,8,0,0,0,0,0,0,B,0
22:50:01.047,->,550,8,10,0,0,0,0,0,0,90
22:50:01.080,->,450,8,0,0,0,0,0,0,B,0
22:50:01.080,->,540,8,6,0,0,0,0,0,0,0
22:50:01.112,->,450,8,0,0,0,0,0,0,B,0
22:50:01.145,->,550,8,10,0,0,0,0,0,0,D0
22:50:01.179,->,450,8,0,0,0,0,0,0,B,0
22:50:01.179,->,540,8,6,0,0,0,0,0,0,0
22:50:01.212,->,550,8,10,0,0,0,0,0,0,50
22:50:01.245,->,450,8,0,0,0,0,0,0,B,0
22:50:01.279,->,550,8,10,0,0,0,0,0,0,70
22:50:01.279,->,540,8,6,0,0,0,0,0,0,0
22:50:01.312,->,550,8,10,0,0,0,0,0,0,90
22:50:01.345,->,450,8,0,0,0,0,0,0,B,0
22:50:01.378,->,550,8,10,0,0,0,0,0,0,B0
22:50:01.412,->,541,8,2,0,0,0,0,0,0,E
22:50:01.412,->,550,8,10,0,0,0,0,0,0,D0
22:50:01.445,->,450,8,0,0,0,0,0,0,B,0
22:50:01.479,->,550,8,10,0,0,0,0,0,0,30
22:50:01.512,->,450,8,0,0,0,0,0,0,B,0
22:50:01.512,->,550,8,10,0,0,0,0,0,0,50
22:50:01.547,->,450,8,0,0,0,0,0,0,B,0
22:50:01.578,->,550,8,10,0,0,0,0,0,0,70
22:50:01.611,->,450,8,0,0,0,0,0,0,B,0
22:50:01.645,->,550,8,10,0,0,0,0,0,0,90
22:50:01.645,->,450,8,0,0,0,0,0,0,B,0
22:50:01.678,->,550,8,10,0,0,0,0,0,0,B0
22:50:01.712,->,450,8,0,0,0,0,0,0,B,0
22:50:01.745,->,550,8,10,0,0,0,0,0,0,D0
22:50:01.778,->,450,8,0,0,0,0,0,0,B,0
22:50:01.778,->,550,8,10,0,0,0,0,0,0,30
22:50:01.812,->,450,8,0,0,0,0,0,0,B,0
22:50:01.845,->,550,8,10,0,0,0,0,0,0,50
22:50:01.878,->,450,8,0,0,0,0,0,0,B,0
